address_id,street,city,state,zip
AD000000,21819 johnson course,east william,AK,74064
AD000001,9402 peterson drives,port matthew,CO,50298
AD000002,781 miller hill,barbaraland,AZ,87174
AD000003,4752 kelly skyway,jacquelineland,PA,83728
AD000004,8350 lydia valley suite 641,new nancy,MD,28370
AD000005,42388 burgess meadow suite 532,daviston,VI,14872
AD000006,6978 maddox wall,lake jenniferside,WV,35474
AD000007,48281 skinner parkways apt. 252,new mariotown,DE,48077
AD000008,71822 arroyo expressway,allisonchester,IL,71187
AD000009,8713 caleb brooks apt. 930,lake crystalbury,CA,04618
AD000010,82997 kristen valley suite 311,gomezchester,NH,96062
AD000011,5133 amanda dam,whitemouth,IA,10381
AD000012,801 gabriel oval,lewisfurt,MH,08186
AD000013,6872 kenneth centers apt. 500,shawhaven,GA,07956
AD000014,361 beth canyon,south dianeshire,NC,41968
AD000015,2475 albert road apt. 183,davidstad,FM,09517
AD000016,808 huynh cove apt. 411,west juan,IL,94559
AD000017,0164 adam trail apt. 427,hoffmanville,CA,91074
AD000018,2045 rachel fords,lake curtis,WI,73886
AD000019,60256 joseph turnpike,south monicafort,IN,26659
AD000020,36541 bell pass,frazierside,MA,04118
AD000021,19655 obrien pass apt. 693,bradleychester,AL,68647
AD000022,6159 alvarado crossing,williamchester,MD,53244
AD000023,299 sullivan village apt. 443,floydmouth,NH,58406
AD000024,148 davis terrace,lake lance,AS,26601
AD000025,6936 ross drive,port michelleville,WI,56225
AD000026,83172 contreras points suite 798,rivasside,NV,21362
AD000027,734 jones heights apt. 455,east edwardfurt,UT,20529
AD000028,0366 melissa track suite 705,karenchester,ND,98479
AD000029,46706 caldwell union suite 272,south brittanytown,CO,84747
AD000030,5375 juarez light suite 641,smithside,AR,46371
AD000031,33092 david skyway,new staciemouth,UT,34087
AD000032,41904 sanders stravenue,north brittany,MP,82714
AD000033,058 stanley cliff,alexanderchester,GU,64752
AD000034,2849 marshall views,marcusbury,MP,11860
AD000035,0752 lewis union suite 549,angelahaven,ID,11722
AD000036,770 kelly lodge apt. 495,transtad,NE,98272
AD000037,3135 julia track apt. 337,jennyhaven,PA,37594
AD000038,0824 terri plaza,heidiberg,SC,99170
AD000039,7520 everett neck apt. 167,new crystalton,FL,20056
AD000040,699 kimberly light,kerrport,VI,77640
AD000041,34123 andrea estate,south shannonfort,LA,04779
AD000042,349 ronald plains,lake edward,KY,19144
AD000043,1746 mason park suite 190,navarroview,AK,12471
AD000044,490 thomas run,moonburgh,OR,57633
AD000045,5512 jenkins park suite 680,millerview,MD,15695
AD000046,0385 garrett trace apt. 348,west samuel,UT,64033
AD000047,8086 jeffrey ville,south staceyberg,NM,94427
AD000048,78263 michelle harbor suite 584,west jessicashire,OR,87000
AD000049,8867 kane square apt. 963,williamsfort,VT,50469
AD000050,0289 kane well,garciamouth,AL,95193
AD000051,4596 melissa walk,finleyfort,VI,71413
AD000052,16117 heather burgs apt. 504,nicholasberg,IA,70122
AD000053,96937 jesse route,stevetown,MH,61482
AD000054,464 bruce flat suite 713,armstrongshire,LA,92156
AD000055,90974 catherine knoll apt. 394,lake colton,SC,85218
AD000056,214 burgess extensions apt. 285,mariaview,PW,63657
AD000057,23685 krystal bridge suite 817,emilyview,OR,50442
AD000058,98593 cynthia mountain suite 612,north kevinfort,DE,13240
AD000059,869 nicole shoal apt. 796,antoniostad,IL,58616
AD000060,506 lopez crossing suite 139,north kristinbury,DC,74501
AD000061,52904 vanessa plains,laurenville,TN,03880
AD000062,24026 julie mountains suite 589,south williamton,VA,86864
AD000063,6617 jones common,charleneland,DC,36547
AD000064,847 garcia squares apt. 836,beasleychester,MA,59942
AD000065,452 jones village apt. 161,lisaside,AR,77370
AD000066,604 bell ports apt. 273,west meganstad,DE,37013
AD000067,402 park inlet,michaelburgh,VI,19277
AD000068,83667 moore inlet,kimberlyshire,PA,11636
AD000069,7679 perry forge,west russellport,TX,89431
AD000070,9003 dougherty trafficway,port jonathan,MD,16227
AD000071,388 jones wall apt. 607,port lawrencechester,OK,53509
AD000072,2975 samuel coves,south brianna,NC,10809
AD000073,18188 rebecca keys suite 231,west james,PA,20537
AD000074,9979 lin road suite 271,ramosport,WY,36503
AD000075,0054 deanna walk apt. 998,fordside,WY,97352
AD000076,9782 shannon valleys,toniland,NY,85190
AD000077,5466 shelton center,cameronville,OH,89417
AD000078,1925 ponce square,andersonland,ME,73760
AD000079,685 michael falls,west stacey,NM,25667
AD000080,880 walter river,new nicholas,GA,24204
AD000081,65379 goodwin tunnel suite 383,tammyfort,MH,25931
AD000082,6886 lisa unions apt. 407,angelaville,VT,68122
AD000083,261 lisa keys apt. 606,joeland,MN,29931
AD000084,20472 west avenue apt. 043,new shelby,PA,69677
AD000085,36971 mary parks,lake zacharybury,VT,19319
AD000086,18518 peter mountains apt. 654,west kristinastad,IA,96569
AD000087,05852 pollard neck apt. 217,west jamesborough,FM,05993
AD000088,0345 michelle isle suite 156,paulfurt,MA,24987
AD000089,61692 morris common suite 447,jacksonmouth,MI,59107
AD000090,0165 stephanie divide suite 021,port deanna,MN,50682
AD000091,7192 sanders run suite 310,south april,PW,74120
AD000092,473 derek cliffs,thompsonmouth,CO,89882
AD000093,2258 david flats apt. 370,angelastad,NH,72806
AD000094,786 morrow cliffs apt. 517,frazierstad,DC,72761
AD000095,018 kevin estates suite 358,meghanview,ID,83739
AD000096,299 george road,meganshire,AZ,04219
AD000097,396 tyler road suite 473,evansland,UT,08353
AD000098,255 hester curve suite 881,johnville,KY,59430
AD000099,25953 tyrone passage suite 747,north sierrahaven,NH,32053
AD000100,748 melanie meadows apt. 456,brandonton,OK,74139
AD000101,499 david court suite 558,kariborough,PA,67232
AD000102,8729 mark ridge suite 269,brittneyhaven,MP,67310
AD000103,5169 robles stream,new thomasshire,OK,30325
AD000104,30913 scott manor apt. 636,salaston,VT,18599
AD000105,652 barr junctions suite 497,east joshua,ME,29974
AD000106,7584 martinez springs suite 652,bobbyland,MI,58484
AD000107,421 john skyway apt. 301,riverafort,CT,89786
AD000108,773 morris rue apt. 193,east robertburgh,PW,05264
AD000109,04991 mitchell row suite 287,jamesville,MA,21799
AD000110,549 gregory walks,wilcoxhaven,MD,11869
AD000111,3046 sean grove suite 499,west desireebury,AR,88029
AD000112,145 jeffrey dale suite 279,robertside,PW,62213
AD000113,785 samantha creek,port amyhaven,ID,75566
AD000114,39718 stokes motorway apt. 867,new stevenport,VA,03354
AD000115,65180 valerie mountains,west robertberg,WI,84586
AD000116,6182 wilson plain suite 823,port andrewport,NH,88777
AD000117,5243 antonio shore,mendeztown,IA,27512
AD000118,06738 karen trail,east williamport,IN,96382
AD000119,42836 hill point apt. 687,west shellyfurt,WY,69243
AD000120,87334 linda centers suite 688,south john,IL,43789
AD000121,304 nunez rapids,port charlesshire,VA,88509
AD000122,33173 randy garden suite 467,kylestad,NY,65680
AD000123,55609 joyce brook suite 899,phillipsborough,MA,30650
AD000124,7772 jackson stravenue suite 280,port melanieton,WV,01337
AD000125,38750 hopkins brook,new andreatown,AK,69892
AD000126,11823 christine glen suite 461,susanmouth,OK,32378
AD000127,66687 dana squares,north vincent,NE,85030
AD000128,39740 gabrielle harbors,east sarahmouth,AK,27653
AD000129,2939 rhodes plains,patrickberg,WY,90850
AD000130,63159 novak islands,lake joshuamouth,NM,30403
AD000131,94311 moore station apt. 655,north adamport,NV,47676
AD000132,886 anthony knoll apt. 995,smithchester,MS,11602
AD000133,622 turner park,north gary,KY,55695
AD000134,799 stephen dale,adamfurt,MA,81790
AD000135,924 morrison square apt. 752,novakport,WA,91590
AD000136,4651 brittany plains apt. 807,south lauren,MP,91312
AD000137,43426 jones rapid suite 968,stephensstad,UT,70874
AD000138,90965 rodriguez courts suite 388,south neil,NH,89571
AD000139,46112 collins motorway apt. 875,davismouth,MD,09305
AD000140,123 andrea isle suite 736,east danielle,NE,52350
AD000141,0334 barbara union apt. 553,wilsonfort,NC,84270
AD000142,5792 sellers ramp,lake dennisville,IA,40527
AD000143,9296 lopez roads apt. 827,donaldmouth,MP,59614
AD000144,36887 cohen mall suite 721,port kathleenport,AZ,36526
AD000145,819 joseph plains suite 807,south curtis,MP,86179
AD000146,1713 lisa radial suite 962,port jamie,IL,08281
AD000147,4494 derek terrace,sellersview,VI,86470
AD000148,67294 brooks club apt. 684,shawnfort,MD,76779
AD000149,518 robinson meadow apt. 745,matthewshire,DC,74706
AD000150,70127 smith meadow,lake regina,FM,85697
AD000151,541 beck run,north randy,ME,95657
AD000152,37129 april mills,north heatherville,VI,55854
AD000153,115 ibarra dam,ayalaberg,SD,89254
AD000154,5326 heath corners,east karenshire,VA,50836
AD000155,1389 maxwell spurs,port melanieport,IL,68363
AD000156,76137 allison bridge,sarahberg,MS,74999
AD000157,91043 sandra turnpike,hunterhaven,WI,54952
AD000158,1418 terri drives,peterland,ME,92077
AD000159,61799 kyle streets,north alexander,DC,92447
AD000160,52410 roman groves apt. 491,gibsonstad,AR,65985
AD000161,80003 thomas lights,east sarah,PR,05136
AD000162,53654 ashley crest apt. 238,south caseymouth,VI,37503
AD000163,49493 richardson park apt. 832,south andrewside,MI,83855
AD000164,413 robert circle apt. 410,port april,UT,49324
AD000165,619 ryan curve,west jose,MD,52006
AD000166,13291 daniel mission suite 561,tamiborough,NV,40911
AD000167,903 hernandez station apt. 568,lake kentburgh,AK,53505
AD000168,21003 james locks suite 199,samanthaland,AK,08951
AD000169,1070 sandra meadows,crawfordfurt,TX,56424
AD000170,2099 deborah parks suite 870,west patrickchester,ID,84734
AD000171,5787 durham parkway,paulburgh,AK,42296
AD000172,8593 craig shoals,west amanda,WY,97108
AD000173,2239 drake square suite 905,new stacy,MP,65018
AD000174,93087 martin ridges,port david,VT,23761
AD000175,85156 matthew islands,east jessica,NE,84290
AD000176,92644 gregory alley suite 902,samanthabury,SC,74628
AD000177,55215 smith fords,lake carlos,KS,14661
AD000178,67658 garcia neck apt. 271,west andrewview,CT,10226
AD000179,159 bush meadows,new pamela,GA,07520
AD000180,443 brandon ports suite 205,south christopherfort,ID,13213
AD000181,46774 darlene loaf apt. 565,south bradley,NV,61457
AD000182,115 arellano radial,new bruce,MS,68996
AD000183,4160 david throughway,thompsonburgh,IL,25761
AD000184,29451 paul locks suite 487,port isabellashire,NC,55498
AD000185,91485 baker shoal,armstrongfort,AZ,23071
AD000186,65307 prince brooks suite 444,garrisonville,VI,30379
AD000187,691 scott view suite 785,new laceyland,ME,93505
AD000188,33030 williams lake,west micheal,NH,66708
AD000189,7972 matthews keys,frankview,WA,90790
AD000190,33468 michelle trafficway,south rhondaburgh,PA,01610
AD000191,6574 steven springs suite 910,annaport,ME,90208
AD000192,4432 rachel valley suite 520,brightview,PW,55363
AD000193,3875 bruce ville,west connor,DC,97614
AD000194,135 julie inlet suite 554,stevenville,NJ,07536
AD000195,81684 brown walk apt. 235,benitezmouth,FL,41970
AD000196,0074 kathleen extension,south kristen,WI,12040
AD000197,6008 jessica bridge suite 830,lake jessicabury,UT,45635
AD000198,10447 hamilton spur apt. 575,east stacy,PW,53374
AD000199,098 david station,south nancyview,WI,70589
AD000200,001 wallace crossing,thomasberg,IL,91621
AD000201,849 robert cove,west danielville,NM,26538
AD000202,6420 lozano spurs,riveratown,AL,88533
AD000203,18114 stephen hill suite 701,port benjamin,LA,47715
AD000204,22557 johns course,lisaburgh,DE,53031
AD000205,2120 dale ramp suite 972,maxwelltown,VI,90215
AD000206,7014 smith ways,lake morgan,NC,69065
AD000207,5628 alexander estate,christianburgh,CA,98992
AD000208,386 montoya common,wallaceshire,NV,12037
AD000209,66088 margaret turnpike,pamelaside,IL,86300
AD000210,5899 moran lakes,wilsonbury,AL,45243
AD000211,102 taylor stravenue suite 149,east david,PR,51998
AD000212,60917 barrett parkways apt. 708,new savannahshire,NJ,67129
AD000213,9958 barnes rest,west raymond,MA,39058
AD000214,858 james road suite 522,jenniferstad,OH,63464
AD000215,0810 thomas skyway apt. 342,francesberg,MP,08631
AD000216,7198 julia points,youngport,UT,87597
AD000217,004 christine tunnel suite 359,port jenny,ID,39059
AD000218,816 roy point,davidshire,PR,33926
AD000219,59094 tyler plaza,charlesmouth,NC,29331
AD000220,861 walker forest suite 554,port christine,NJ,74076
AD000221,993 felicia islands,moonville,MS,34132
AD000222,877 kenneth run apt. 581,east teresaside,ND,01461
AD000223,38612 stephen isle apt. 110,port johnathan,CA,75862
AD000224,5061 darlene river apt. 901,sarahville,LA,90400
AD000225,0728 derek lock suite 245,new nancyberg,DE,05976
AD000226,3536 eugene forges,jamesburgh,TN,74857
AD000227,814 john flat suite 552,north justin,CA,25863
AD000228,929 aguirre meadow apt. 053,lake jodi,NE,36765
AD000229,5478 gregory rest apt. 428,west jessica,SC,10523
AD000230,969 rebecca plaza,amyside,NJ,86210
AD000231,78816 shaw shore apt. 928,south erik,OK,74663
AD000232,0373 joseph fort apt. 385,harrisonmouth,FM,06587
AD000233,498 nicholas lane suite 918,nicholasbury,NC,53695
AD000234,272 chris row,jasonburgh,GA,47978
AD000235,1777 brittany rue suite 030,new brittany,DC,83016
AD000236,2869 natalie stream,staceyborough,NV,79999
AD000237,298 jackson spur,sandrashire,CA,30623
AD000238,91279 natalie place apt. 172,port erikachester,NC,55640
AD000239,6599 ronald glens,cannonland,LA,78920
AD000240,818 nicholas ford,robertville,FL,56347
AD000241,594 fischer loop suite 258,kingport,OK,45636
AD000242,372 jason locks,laurenton,GA,51501
AD000243,611 walker common apt. 669,jenniferton,WI,23474
AD000244,09883 emily lake apt. 021,kimberlystad,TN,52293
AD000245,84895 richmond harbor,new sylvia,NH,53448
AD000246,184 arroyo unions,nancyshire,KS,91490
AD000247,7907 jonathan light apt. 356,zacharytown,UT,35018
AD000248,82755 patricia grove apt. 373,lake john,KS,27603
AD000249,11179 kathryn plains apt. 759,travisshire,VI,36510
AD000250,3920 mendoza plains apt. 856,south tiffany,UT,68423
AD000251,9155 lopez greens,west thomas,RI,45471
AD000252,6472 tiffany spur apt. 143,chaseborough,FL,97303
AD000253,88574 hart port apt. 612,east lisafort,MP,83058
AD000254,845 robert keys apt. 998,port justin,MD,88737
AD000255,472 danielle junction suite 996,north fernandobury,MD,42034
AD000256,7598 gutierrez ferry apt. 234,east garrettville,CT,08862
AD000257,49216 perez street,scottberg,DC,69542
AD000258,8487 tara square apt. 997,millsside,ME,46005
AD000259,6424 aaron via apt. 547,lake sandrafort,ME,01698
AD000260,68663 jennifer rue suite 634,south colleenhaven,WV,80876
AD000261,3122 rodriguez motorway suite 497,west andrew,AR,70620
AD000262,703 edward park,west robert,WY,65826
AD000263,04618 white ville,lisatown,DE,94175
AD000264,71837 maldonado inlet,ericton,WA,72535
AD000265,0313 nguyen expressway,brendafurt,WY,32363
AD000266,925 john parks apt. 950,west deannaside,WY,14577
AD000267,3065 john canyon suite 784,lopezburgh,ND,46070
AD000268,82744 gibson trail,grosstown,RI,48221
AD000269,87829 morris row suite 118,north maryberg,HI,04600
AD000270,789 williams forges apt. 037,south laurieton,MN,73641
AD000271,480 mary club,new colton,VA,30780
AD000272,288 reese trafficway,emilychester,FM,14145
AD000273,289 mahoney island suite 566,charleneshire,ND,28540
AD000274,7600 larson path apt. 404,east melissa,AK,90903
AD000275,07522 richardson prairie,east jonathan,ME,12547
AD000276,572 petersen spurs,new dawnton,VA,76035
AD000277,6139 cynthia roads suite 048,west amberberg,MD,66351
AD000278,9981 ryan turnpike suite 225,south ashleyton,OH,52823
AD000279,78376 ann street,east charles,WI,56870
AD000280,5535 wheeler burg suite 259,hansonmouth,AZ,31104
AD000281,03924 matthew unions,west shannontown,MA,27896
AD000282,792 nicholas shore apt. 420,jamesview,AR,61444
AD000283,510 dillon run suite 368,west toddside,CO,24935
AD000284,38457 garner brook,gabriellestad,SC,40127
AD000285,460 perez junctions,sandovalland,VA,50597
AD000286,3926 browning isle,danielsborough,SD,18664
AD000287,826 diana port apt. 518,east lonnieberg,VA,04365
AD000288,4231 jack track suite 999,new jesse,TX,03919
AD000289,526 wells estates apt. 306,west stephaniebury,WA,88494
AD000290,573 sullivan canyon suite 569,new danielmouth,GU,06060
AD000291,680 kelly locks,kimport,NH,22322
AD000292,7181 kimberly square,south robert,NV,03766
AD000293,45211 jasmin roads suite 186,south andrea,AZ,22899
AD000294,20644 roberts falls,east susantown,RI,33676
AD000295,733 chavez mills,new carolbury,FM,72242
AD000296,20502 elizabeth villages,markland,AR,14773
AD000297,9501 morris light,port ronaldside,CA,38883
AD000298,683 cheryl coves apt. 794,lynchmouth,KS,69365
AD000299,772 jeanette fields apt. 107,lake melaniechester,MT,06463
AD000300,344 kyle parkways,katieville,TX,44185
AD000301,55770 timothy road,mcclainside,MH,44424
AD000302,495 jared spur,laurenstad,CA,20070
AD000303,962 michelle terrace,janetmouth,VT,04646
AD000304,4384 daniel tunnel apt. 317,port timothyhaven,FL,25432
AD000305,2182 jenny mount suite 810,sarahland,MA,61695
AD000306,94353 justin place suite 714,east joshua,AL,82151
AD000307,2493 charles ridge suite 870,north thomas,TX,07114
AD000308,997 edwards viaduct,lake katherine,AS,70425
AD000309,71747 hall fork,port paula,KS,48139
AD000310,7017 michael mountain apt. 459,new dakota,GU,94122
AD000311,9639 amy orchard suite 153,muellerchester,OK,45353
AD000312,971 nguyen court,thompsonfurt,CA,78916
AD000313,0132 katherine shore apt. 784,gilbertmouth,ID,27457
AD000314,5190 abbott walk suite 058,north jacquelinestad,DE,37490
AD000315,666 gardner shore apt. 723,bridgesstad,MP,55188
AD000316,10276 christopher row,daltonchester,RI,24067
AD000317,3269 becky vista apt. 846,arthurton,OK,63843
AD000318,84781 john roads,lake cynthiashire,ME,80853
AD000319,8795 gomez union suite 420,jessicashire,KS,08551
AD000320,904 miller parkways apt. 442,joshuaview,AL,97681
AD000321,752 patton freeway,whitehaven,VI,04838
AD000322,6637 jason street,brianview,WV,15704
AD000323,836 wells drive suite 047,gregoryhaven,TX,05877
AD000324,4414 murray spring apt. 938,ericaburgh,MD,72277
AD000325,81753 king bypass apt. 910,new danielle,VT,16226
AD000326,24471 livingston harbor,schwartzmouth,KS,21730
AD000327,44271 krause flats suite 271,new kayla,IL,80974
AD000328,11947 peggy drive,north elizabethview,FL,92258
AD000329,6618 aaron spurs suite 198,mathewport,MO,07735
AD000330,74328 tammy shore apt. 461,tommouth,WA,25334
AD000331,6184 ferguson village,levytown,AZ,44971
AD000332,87829 sandy camp,south desiree,NJ,81552
AD000333,041 carr village,port lisaville,NM,78485
AD000334,651 marc underpass apt. 092,bryanview,FL,99794
AD000335,90219 strickland brook suite 100,north jasmine,OR,37690
AD000336,24876 sharon ridge,new hectorfort,RI,12038
AD000337,331 christine wall,south kaylee,TN,27778
AD000338,2200 mitchell mews suite 597,north joyside,HI,21216
AD000339,956 julie islands apt. 153,east joanborough,MS,29423
AD000340,97265 stephen fields,theresaborough,MA,17174
AD000341,7625 olivia rapids,port laura,RI,22774
AD000342,739 hood harbors apt. 633,ryanbury,MH,78065
AD000343,78068 mendoza union,south tylerland,OH,99208
AD000344,4310 caldwell estates,hodgeshire,AK,60117
AD000345,7016 schmidt hill,mullinsside,OK,27652
AD000346,501 diaz river,west michaelside,VT,09283
AD000347,179 karen trace,west michael,KY,66504
AD000348,7881 mckinney springs suite 795,east patriciamouth,CO,11009
AD000349,41272 abigail road,west robertside,DC,62616
AD000350,10385 lane shoal suite 798,ellisshire,DC,40673
AD000351,25472 jennifer heights apt. 222,north blake,MD,75805
AD000352,552 west estates,davidtown,MO,65960
AD000353,885 wells highway,port annette,PW,58448
AD000354,814 richard ville,south michael,MD,07714
AD000355,01871 lee island apt. 562,woodstad,AL,37810
AD000356,76742 chandler mall,port brenda,CO,19328
AD000357,96106 perry point suite 923,port patrick,OH,64803
AD000358,8730 eric hills suite 146,south rebecca,SD,32580
AD000359,796 burton mountains apt. 589,port jordanshire,AR,19655
AD000360,45650 carter route,new jamesburgh,WV,12888
AD000361,5189 morrow bridge apt. 845,jenkinsburgh,CT,29058
AD000362,7112 timothy inlet,donmouth,FM,78836
AD000363,13223 martinez curve apt. 611,port toddchester,AZ,26237
AD000364,1401 contreras throughway,port davidborough,OR,26718
AD000365,552 william cliff apt. 908,lake james,LA,23015
AD000366,9271 mary light suite 383,rodriguezmouth,DE,61567
AD000367,015 wilson haven suite 947,new richard,PR,56594
AD000368,07167 david locks suite 912,west theresamouth,ID,78483
AD000369,9946 alvarez rapids suite 784,port shawn,DE,33359
AD000370,01702 jacobs islands,west christy,CT,10530
AD000371,7784 pacheco plains,port anthonychester,FM,16116
AD000372,02842 jordan inlet suite 719,kellerside,OK,62081
AD000373,7969 miranda haven suite 009,east marystad,AS,97763
AD000374,65565 donna gateway apt. 491,port kevinmouth,GA,03084
AD000375,0790 gray loaf suite 917,lake emilymouth,NM,66399
AD000376,71834 williams ports suite 391,new matthewland,OK,70108
AD000377,468 gonzalez locks suite 987,north courtney,NC,24951
AD000378,8969 alexa lakes suite 232,meganchester,MD,08945
AD000379,9363 edward burgs,port margaret,NH,64121
AD000380,42044 dawn canyon,caseyton,VI,11501
AD000381,162 daniel street apt. 898,tylerland,IA,79120
AD000382,363 daniel forest suite 764,south amandaville,MD,72032
AD000383,7540 mckenzie shore,lake samanthabury,KS,72948
AD000384,376 renee lock,kevinbury,ME,28076
AD000385,41776 love wells apt. 248,west robertside,WA,43331
AD000386,720 gonzalez inlet,barbaraville,GA,33217
AD000387,657 russo dale,glennshire,GU,43437
AD000388,9300 rebecca mountain apt. 420,williamsonview,FL,12174
AD000389,7133 sophia via suite 476,south melissa,PA,28755
AD000390,04439 solomon land suite 107,port marcus,UT,52609
AD000391,18005 thomas knoll apt. 048,turnerfurt,TN,49115
AD000392,2875 anderson island,thomasville,MD,06289
AD000393,4494 graham expressway suite 728,brownberg,AR,30629
AD000394,1707 zhang points suite 771,north michael,IL,37740
AD000395,089 robert club,port tyler,CT,43578
AD000396,9152 christopher village suite 749,west taramouth,MD,96386
AD000397,45018 davis glens,east tammy,VI,52787
AD000398,2147 fitzgerald inlet apt. 515,south sean,MS,62948
AD000399,266 billy junctions suite 327,west taylorland,PW,63102
AD000400,649 andrea cape,new rogerville,NH,87120
AD000401,017 kristi ville,williamschester,FM,92825
AD000402,452 jacob summit suite 168,north randalltown,GA,86458
AD000403,9956 miller dale apt. 310,port anthony,NJ,85517
AD000404,47276 darren drives,maynardfort,AK,59419
AD000405,0166 mclaughlin ranch,benjaminfurt,NM,67787
AD000406,080 ray plaza,west patriciachester,FM,62542
AD000407,602 barber mountains suite 738,new regina,MA,79419
AD000408,5729 justin summit apt. 722,east catherine,CT,55024
AD000409,4522 lindsay junction,wilsonbury,DE,74161
AD000410,428 jasmine mill,estesville,CT,80529
AD000411,121 rhonda estate,jeanhaven,NM,96518
AD000412,76037 mitchell extension,west nathanchester,MN,83003
AD000413,26667 acevedo mills apt. 081,west leroyburgh,NE,08557
AD000414,084 morales springs,jennifermouth,PW,45610
AD000415,673 terry valleys,roweport,CO,05346
AD000416,843 william inlet,katherineburgh,AK,04156
AD000417,105 sims knoll apt. 017,ashleytown,NH,44931
AD000418,4492 stone gateway,west zacharyborough,GU,47853
AD000419,06273 miller springs,chapmanhaven,WI,52245
AD000420,622 todd mount apt. 881,south thomas,WA,21058
AD000421,15940 david inlet suite 447,port douglasshire,MT,06877
AD000422,18510 olson inlet suite 567,port dillon,SC,60916
AD000423,99663 morgan cape suite 412,new crystalport,OH,85063
AD000424,837 david place,north joshua,IL,32651
AD000425,9070 kim mall apt. 856,christopherville,ND,22541
AD000426,6209 white station,west petermouth,FL,54610
AD000427,39937 avery grove,west stevenchester,CA,63962
AD000428,913 kevin lodge suite 183,west amber,GA,32634
AD000429,07942 brian orchard suite 946,meganborough,OR,67390
AD000430,1612 johns fords,nicolemouth,SC,34758
AD000431,79502 chelsea avenue apt. 268,farmerside,CO,85579
AD000432,156 hughes villages apt. 175,south albert,WA,03093
AD000433,433 coffey camp,trevorborough,AL,26202
AD000434,83999 cameron crossroad apt. 249,new jessica,KY,25647
AD000435,870 davidson run apt. 566,davidhaven,NH,65456
AD000436,46875 philip isle,new lindseybury,UT,56051
AD000437,10760 pittman gateway apt. 735,port matthewbury,CA,79139
AD000438,00651 bryan unions,brownchester,CA,13847
AD000439,96399 shawn mountain suite 991,debratown,NH,68293
AD000440,392 kelly orchard,lopezberg,AS,06277
AD000441,9822 parker junctions suite 508,north john,GU,73829
AD000442,53779 christian port,christinachester,MA,21771
AD000443,03379 john street suite 636,port veronica,MN,01797
AD000444,3950 james haven apt. 342,melaniebury,HI,26189
AD000445,261 boyle inlet,allenstad,TN,22961
AD000446,22338 benson island,rowlandbury,PW,06555
AD000447,3042 clark common,gibbsland,GA,67166
AD000448,8725 fox orchard suite 749,littleshire,SD,05298
AD000449,46692 scott corner apt. 147,jerryton,NH,67644
AD000450,7546 hayden fort suite 151,meganhaven,ND,84866
AD000451,50835 emily glen,julieview,ID,92990
AD000452,44566 thomas passage apt. 633,south jesus,OR,72933
AD000453,66377 nicholas ports apt. 407,matthewchester,NE,90385
AD000454,090 eric isle suite 636,new paulfort,CT,43602
AD000455,18209 johnson flat,south justinbury,LA,86952
AD000456,56621 amanda neck,south stephanieborough,DC,27459
AD000457,949 wayne spur,hilltown,FL,58923
AD000458,777 jo heights suite 546,south john,MH,81468
AD000459,916 john ways,west nicole,ND,38759
AD000460,6815 karina parkways,robertburgh,KS,27681
AD000461,5636 alex crescent apt. 577,jonesside,TN,32258
AD000462,09124 amanda lock,north emily,AL,89286
AD000463,837 mary valleys,south hannahmouth,AR,78908
AD000464,3310 johnson bridge,loriland,IN,13162
AD000465,5839 sarah locks,martinezborough,CT,47238
AD000466,3731 santos land,north nicolechester,ME,78995
AD000467,1956 martin roads,tiffanyfort,CA,44423
AD000468,903 christina crossing,joelchester,WV,32423
AD000469,26303 stevenson isle apt. 450,wongport,WV,03606
AD000470,033 boyd falls,sotoland,VI,64941
AD000471,12983 william meadow,collinsborough,IA,56077
AD000472,347 stephanie lake suite 627,hendersonchester,WV,20932
AD000473,828 jonathan mountain suite 746,jonesberg,VT,62007
AD000474,6665 burns row apt. 601,frederickburgh,ID,57687
AD000475,506 fitzgerald gardens suite 050,west catherine,TX,19816
AD000476,11669 april field,martinchester,KS,91181
AD000477,611 olsen grove apt. 640,port travis,CT,09655
AD000478,25223 white creek suite 932,north karen,AS,25651
AD000479,214 nicholas harbor,west anthonybury,NJ,64096
AD000480,901 alexa avenue,morrisonview,NM,62528
AD000481,3566 theresa well suite 107,hardyberg,AK,79394
AD000482,7978 keller alley,allenstad,VI,06498
AD000483,9156 hatfield walks apt. 649,lake douglas,NC,75460
AD000484,872 friedman orchard apt. 332,north ryantown,GA,43296
AD000485,128 davis square suite 399,lake matthewfurt,SD,84662
AD000486,1411 matthew ramp,lake sheri,OK,48701
AD000487,0983 whitney island,laurenberg,NC,87499
AD000488,2437 hernandez haven apt. 095,wayneville,KY,93106
AD000489,605 maria fords apt. 027,evansburgh,AK,72320
AD000490,1844 jacqueline plaza suite 125,port sarahport,NH,86305
AD000491,33305 erika walks apt. 662,north michaelfort,HI,07378
AD000492,63013 burns spurs apt. 617,hillmouth,MN,02021
AD000493,99974 laura falls,washingtonchester,ME,75398
AD000494,0688 brown villages,port karenville,HI,79026
AD000495,29321 york bypass,north williamstad,ND,22993
AD000496,84872 neal pike suite 988,lake corey,GU,06364
AD000497,839 ramirez stream,jonesview,KS,50541
AD000498,628 chad street suite 359,south lorraine,MD,57337
AD000499,81861 bowman lake suite 423,alejandrofurt,IN,50129
AD000500,718 graves way suite 849,north georgefurt,HI,45743
AD000501,9240 diane divide suite 940,jasminebury,TX,80284
AD000502,446 kevin walks apt. 465,lake christopherbury,CO,22142
AD000503,68277 richard ridges apt. 068,johnhaven,TX,80349
AD000504,15285 roberto light,west tara,MA,89507
AD000505,7443 joann port suite 348,south patriciafort,AR,47129
AD000506,52650 ryan flat,new willieberg,MT,16733
AD000507,6545 mcclain plain,danielmouth,TN,58088
AD000508,313 williams locks suite 502,south susan,KY,16071
AD000509,6862 susan turnpike,east erichaven,AL,90211
AD000510,7447 kathleen gateway,lake william,IA,37350
AD000511,71892 victoria ramp apt. 312,johnsonborough,FL,56377
AD000512,8433 simmons circle suite 041,michaelstad,VT,55298
AD000513,53474 ryan glen,coxport,DE,13200
AD000514,5989 allen harbor apt. 961,east crystalville,AZ,77382
AD000515,89547 amanda drives,east jamesside,VT,33600
AD000516,1768 gary harbor,west brandon,OK,08469
AD000517,78686 lawson ford,north ernest,IL,78110
AD000518,844 kenneth grove apt. 230,west benjamin,FL,36907
AD000519,81059 nguyen squares,jenniferchester,MH,80649
AD000520,42408 jennifer spurs suite 498,port scott,MD,35732
AD000521,3652 davis falls,lopezburgh,ID,75167
AD000522,2269 chad cliffs,sanchezfurt,CT,95437
AD000523,6010 david trail,west douglastown,WY,01732
AD000524,27972 rivera drives,north amy,KY,82746
AD000525,86203 jeremy lights apt. 543,mcdanielville,NM,22725
AD000526,95151 cassandra fall suite 859,lake ronald,MH,87961
AD000527,7541 michelle drive,west dylan,NV,95048
AD000528,15226 flores manors suite 695,port sherry,PW,32732
AD000529,836 bianca manor apt. 135,east victoriatown,MN,73688
AD000530,2472 sanchez views apt. 021,south jessica,UT,56168
AD000531,9202 thomas gardens,north ashleychester,FL,24411
AD000532,6570 rodriguez circle apt. 928,north randy,NE,89617
AD000533,362 dudley pike suite 236,east philipside,PA,10620
AD000534,2056 joseph cove apt. 595,east julianside,CT,09062
AD000535,303 miller port,new valeriefort,AZ,06798
AD000536,8356 dickson squares apt. 568,new lindseyberg,AK,77463
AD000537,27113 lindsey shoal apt. 288,sethberg,MA,38622
AD000538,39912 davis bridge apt. 481,davismouth,GA,39246
AD000539,27474 santos dam,new tracystad,PR,38069
AD000540,5895 miller loop,bakerton,RI,84893
AD000541,14629 nash fork,sawyerland,MI,61564
AD000542,21663 murphy island,wendyfort,IL,92551
AD000543,2359 vanessa trail,brownstad,WY,56876
AD000544,4212 joshua common suite 768,lake patricia,HI,07545
AD000545,56778 tammy mews,ritashire,MS,01802
AD000546,5027 victor island,port tarachester,KS,68749
AD000547,910 julie field suite 829,robinsonborough,ID,89581
AD000548,4817 gutierrez knoll,mariachester,NC,44518
AD000549,928 james vista,waltersville,CO,14107
AD000550,9817 elizabeth walk,lewismouth,OH,50449
AD000551,6605 william grove suite 463,south antoniotown,FL,49575
AD000552,638 lee row,pooleshire,NE,17392
AD000553,263 jennifer crossroad apt. 964,west james,CO,03861
AD000554,819 johnson street,south cynthia,WI,47440
AD000555,364 joshua divide,lake traciville,DE,60679
AD000556,17536 travis brooks,jonesland,IL,90591
AD000557,40299 david junctions,timothyside,AL,21261
AD000558,088 javier lakes,east anthonyberg,IN,11438
AD000559,15847 graham locks apt. 423,suzanneville,OR,77516
AD000560,7694 dean rest suite 639,nathanielland,NV,22422
AD000561,856 danny valleys suite 625,north jason,MN,49255
AD000562,537 roach points,south justinborough,NC,29004
AD000563,665 gonzalez causeway,jimenezview,MT,16132
AD000564,90409 rhonda haven apt. 608,west deannaland,NJ,12968
AD000565,85790 evans motorway suite 159,north jeffreytown,DC,14281
AD000566,35800 ware cape,north staceyland,KS,43666
AD000567,97125 karen vista,walshville,NC,69653
AD000568,731 miranda station apt. 583,lake christian,NM,08400
AD000569,1539 hodges inlet,rioshaven,CT,17548
AD000570,3146 gina ways,east stevenville,WA,14945
AD000571,8754 sara corner,ryanberg,MO,66324
AD000572,06634 richard ranch suite 897,rodriguezton,SD,33130
AD000573,18143 myers courts apt. 473,port james,SC,38248
AD000574,974 george springs,east jacobmouth,FL,02170
AD000575,20957 tracy gateway suite 100,maryhaven,NY,22429
AD000576,7584 king mount apt. 545,rodriguezhaven,VA,84360
AD000577,7039 howard summit,east samanthafurt,SC,14647
AD000578,5569 landry harbor,jamesshire,NC,92492
AD000579,1072 becker pike suite 982,tommyland,AS,39131
AD000580,74065 brendan dam,natashahaven,TN,73999
AD000581,9143 thomas knoll,port erika,MS,55887
AD000582,429 shelton islands apt. 342,spencerport,ME,11720
AD000583,6128 benson parkway,taylorchester,NH,55617
AD000584,29439 martinez plains suite 062,santiagomouth,AS,68397
AD000585,9149 vaughn way,north joyhaven,WA,94473
AD000586,32440 hanson flats apt. 102,new collinborough,CT,62595
AD000587,6723 underwood springs,villarrealville,NE,19669
AD000588,88377 roberts courts,richardsonview,MO,51071
AD000589,47196 beverly bypass,williamsstad,DC,61830
AD000590,835 palmer extensions apt. 595,espinozaberg,KY,86804
AD000591,7929 anderson islands suite 996,north anthonyburgh,IN,13154
AD000592,31266 bryan glen apt. 017,catherinetown,HI,42595
AD000593,47743 judy mews,north brandi,SC,88143
AD000594,9815 faith stream suite 339,masonstad,RI,73730
AD000595,91284 david fort apt. 985,east loriport,MP,33450
AD000596,89389 ross centers apt. 974,north matthewview,ID,44349
AD000597,037 linda port apt. 516,new timothyberg,KY,95309
AD000598,7430 anthony tunnel apt. 896,new timothyfurt,WI,49945
AD000599,71955 matthew centers,east christopher,AL,30270
AD000600,30102 white cape,michaelbury,LA,17503
AD000601,48375 scott hollow,kimberlyport,VI,86175
AD000602,56974 james dam,west judy,IL,16589
AD000603,771 victor bypass,joshuafurt,ME,11575
AD000604,6703 nicolas shoals,patelport,AZ,71482
AD000605,305 glenn tunnel apt. 186,micheleside,NH,56053
AD000606,7320 marsh harbor,east kelseyport,MA,75353
AD000607,901 carroll islands suite 277,south alanton,MI,63442
AD000608,9851 white trafficway,jordanfort,DC,30309
AD000609,10287 williams stravenue,north stephanie,KS,34244
AD000610,351 william creek,east jamesshire,MN,89763
AD000611,59556 ruiz hill,east michealport,FL,77994
AD000612,69026 stephanie fork suite 818,new thomashaven,NC,58306
AD000613,3537 goodman crescent,south jessica,FM,54230
AD000614,793 hartman forks apt. 836,new jorge,LA,45271
AD000615,732 smith crest,bakerside,VT,62086
AD000616,212 strong knoll,south heidi,IA,93822
AD000617,015 lozano roads,yangchester,LA,99809
AD000618,09957 flores fall,shirleyville,IN,39475
AD000619,5652 bobby street apt. 684,coryport,GA,16039
AD000620,9134 cody plaza apt. 090,north tracy,GU,03879
AD000621,782 phillips creek apt. 767,christopherberg,KY,96397
AD000622,152 hill roads,lake haileyton,NE,13665
AD000623,032 wiggins forges,west theodore,NM,25025
AD000624,306 travis ridge,lake gregory,MT,90676
AD000625,8243 contreras overpass suite 958,phillipsbury,DE,99455
AD000626,27515 bush trail suite 796,north kelly,NY,28695
AD000627,6766 gaines grove suite 350,sethbury,OK,22329
AD000628,98006 kimberly isle suite 810,west amanda,GA,70716
AD000629,6383 barry brooks apt. 867,east justintown,IN,83280
AD000630,624 charles parkways suite 008,north jill,WY,51766
AD000631,044 harris greens suite 646,east tammyside,KY,63854
AD000632,76581 walker burg suite 375,hartport,MA,19345
AD000633,9312 jensen mountains,north katrina,KS,54484
AD000634,996 joseph fords suite 875,west steven,NJ,67928
AD000635,1620 april crossing,east samuel,DE,05620
AD000636,86604 ryan hill suite 859,anneburgh,FL,38537
AD000637,947 clark isle apt. 287,west robertberg,NJ,09289
AD000638,751 colleen ranch,north michael,OH,30127
AD000639,9459 villa points apt. 192,lake javierburgh,KS,74381
AD000640,9994 clark alley apt. 319,east fred,VI,00533
AD000641,7548 john lock suite 675,marymouth,NC,10750
AD000642,268 henry turnpike suite 186,gregorystad,PR,61590
AD000643,5203 ward fields,new lanceville,PW,48849
AD000644,476 wendy squares,joshuaton,OK,04489
AD000645,2781 mike ridge apt. 221,flowersville,AR,58615
AD000646,90552 black shores suite 601,port kathleen,FL,96046
AD000647,862 larry points,davidmouth,OK,91765
AD000648,12590 kristina forge,stevenbury,ME,89746
AD000649,0642 taylor island,perezborough,KY,26613
AD000650,75955 gallegos spur apt. 096,new ashley,UT,57367
AD000651,8841 jonathan mountain,anthonyville,NC,86789
AD000652,9690 haynes roads suite 026,cookville,HI,47425
AD000653,799 simon mountains apt. 459,timothyfurt,ME,05760
AD000654,6496 frank expressway,oliviahaven,ID,74948
AD000655,2576 steven shoals,east nicole,ME,40809
AD000656,328 smith estate,coryside,TX,52149
AD000657,316 lucas dale suite 546,fergusonstad,NM,88303
AD000658,55580 melendez rue,east vincent,AZ,28187
AD000659,2446 johnson manor,east raymond,NC,14451
AD000660,602 anderson parkways,parkstown,NM,86198
AD000661,1978 norman station suite 851,south amanda,MS,88937
AD000662,89760 campbell crossing suite 750,johnnymouth,TX,39317
AD000663,75409 michael camp suite 321,east jessicafort,NE,36505
AD000664,15502 patrick stream apt. 546,johnsonview,VA,86077
AD000665,94498 heather causeway,ashleyborough,WV,57772
AD000666,624 smith fords,port robertberg,KY,35504
AD000667,30531 chandler rest,matthewsmouth,ND,51493
AD000668,7277 amanda extension suite 460,lake tommystad,CO,27705
AD000669,7029 claudia port suite 604,fritzfurt,PW,70964
AD000670,3319 white estate,piercestad,WV,29042
AD000671,588 perez lodge,shermanport,GU,59412
AD000672,572 patrick shoal,mccannchester,ID,83917
AD000673,960 bishop expressway,cohenstad,AK,97882
AD000674,75327 marcus hill,north jamiemouth,NH,32619
AD000675,195 john stravenue apt. 006,atkinsland,WY,55169
AD000676,7046 michael stravenue,pattersonville,CT,19635
AD000677,6523 clark court,dawnland,NH,93441
AD000678,757 carroll ranch apt. 228,anthonystad,OK,48043
AD000679,7422 catherine walks suite 430,new kevin,OR,02082
AD000680,9252 mills lane suite 287,south penny,AL,88154
AD000681,9135 stevens route,port juliehaven,MH,30434
AD000682,8148 tara centers,knightbury,IA,34064
AD000683,720 arnold course,lake mariah,CA,17874
AD000684,1805 james crescent suite 173,new bridgetfort,ME,75124
AD000685,399 gay glen suite 947,west william,NY,37693
AD000686,8847 tiffany falls suite 058,simpsonburgh,CA,57126
AD000687,823 kathryn forest suite 845,garciaport,RI,28064
AD000688,29258 valdez turnpike suite 434,michaelport,MN,19504
AD000689,4696 smith lodge apt. 652,wangtown,GU,92820
AD000690,56658 lauren river suite 411,east mark,NJ,95038
AD000691,734 brown centers suite 485,mcleanville,NJ,18101
AD000692,94938 samuel islands,angelaport,UT,03365
AD000693,7325 perez lake suite 344,east davidchester,NE,52445
AD000694,96085 campbell isle apt. 191,new erichaven,PR,11999
AD000695,647 preston streets,lake mark,HI,85414
AD000696,69409 smith fork suite 624,new emily,MD,70279
AD000697,923 jamie falls apt. 089,port davidstad,CA,43421
AD000698,64335 derrick mill apt. 607,south brandon,NV,52822
AD000699,89812 david overpass,karamouth,MT,25533
AD000700,8170 norman manor suite 155,marychester,PR,85960
AD000701,0450 melanie fall apt. 282,lake terry,AZ,08520
AD000702,9626 greg path apt. 251,north tyler,ME,53408
AD000703,05070 robin cape suite 982,north alexis,MH,29690
AD000704,8729 larry mountains suite 258,summerville,NJ,65093
AD000705,223 julia stravenue,campbellville,IA,30152
AD000706,988 wolf curve suite 652,lake rebeccafurt,SC,06794
AD000707,26509 webb key,lake molly,OK,53671
AD000708,48552 peterson well suite 871,kathrynview,CA,48397
AD000709,71184 morgan inlet,grahamland,VI,66656
AD000710,30358 anna pines,port amandaside,IN,91424
AD000711,932 garrison harbors,south kennethhaven,MT,62962
AD000712,48439 brian loop,east timothy,GA,32281
AD000713,51342 martinez streets,east scott,TX,36607
AD000714,973 evans crossing,hernandezmouth,FM,36166
AD000715,9274 alexandra corners suite 376,brownville,VI,37227
AD000716,4510 jennifer oval apt. 973,wadeville,WI,93369
AD000717,91919 david track apt. 599,ochoaton,MI,85316
AD000718,6039 andrew isle,west samanthatown,VA,60351
AD000719,7057 mack estates,new kelli,OH,85473
AD000720,55983 poole courts apt. 659,fowlerfurt,ID,35193
AD000721,25013 stout squares suite 882,montgomeryland,ID,12738
AD000722,2585 anderson lights apt. 499,west yvonnemouth,GU,05845
AD000723,3333 wong forge,north kenneth,AK,80745
AD000724,2896 francis squares,lindaview,NE,49027
AD000725,25389 colin tunnel suite 851,lake michael,UT,85037
AD000726,9779 brown extension,new shaneton,MH,46062
AD000727,49409 jordan track apt. 637,amandaport,MA,30983
AD000728,950 jennifer knolls,port tiffanyland,NC,54726
AD000729,07151 sophia ports,ballardfurt,UT,62682
AD000730,64712 morales forks suite 157,new jonathanton,OH,08253
AD000731,56409 villarreal extensions,lake christine,HI,70652
AD000732,592 mccarthy trail,new eduardo,GU,58841
AD000733,1529 rachel parks apt. 929,sharonside,MP,51467
AD000734,52373 williams circle suite 918,lake dianahaven,OK,75878
AD000735,5273 raymond meadow,grahamland,NM,03624
AD000736,7408 jacob corners suite 998,lake lee,AR,70531
AD000737,068 william springs apt. 317,east jennifer,CA,94090
AD000738,63140 donna village,traceyfurt,GU,30434
AD000739,394 becker station,jamieview,MT,90977
AD000740,4906 heather mission,lake hannah,CA,84072
AD000741,85246 herrera haven,danielville,MO,26994
AD000742,7113 marissa ferry,port heatherland,IA,57641
AD000743,833 williams bridge,west michele,KS,23507
AD000744,2481 jack fields suite 707,port johnhaven,LA,73488
AD000745,168 christine extension,mitchellberg,MH,14105
AD000746,9130 andrew view,pinedafurt,LA,90365
AD000747,457 calhoun drives suite 853,west dana,HI,51416
AD000748,2076 vanessa crossroad suite 366,murraymouth,NV,51414
AD000749,833 jennifer port,port jessica,WY,81618
AD000750,436 theodore plains suite 496,east jeffside,FM,21042
AD000751,36924 danielle ports apt. 265,sanchezberg,WV,64291
AD000752,111 alan wall,west melissamouth,MH,47253
AD000753,9597 morgan extensions,kevinside,GA,20426
AD000754,88743 elizabeth drive suite 102,kennedyfort,GA,03116
AD000755,0795 huerta land,east dennisport,TX,52093
AD000756,541 morrison union,smithshire,MT,22660
AD000757,5203 baker meadows,billymouth,TN,11018
AD000758,904 gonzalez mountains,priceview,UT,49671
AD000759,525 tran overpass suite 417,port elizabethmouth,VI,67189
AD000760,25129 kimberly way,north jennifermouth,VI,81432
AD000761,191 janet flats apt. 211,south latashabury,IL,07054
AD000762,3792 roberts springs,south jacksontown,CO,23550
AD000763,113 melinda throughway,east ralph,MP,78136
AD000764,4538 diana springs,juanburgh,CA,08577
AD000765,70159 wolfe rest apt. 945,howardfort,MN,65997
AD000766,92056 hobbs islands,fordmouth,NV,20513
AD000767,6265 ryan viaduct,east brittany,HI,28942
AD000768,07624 perez oval suite 662,costaton,MI,14396
AD000769,38736 smith inlet apt. 549,carrberg,NC,37449
AD000770,710 wood gateway apt. 535,buchananside,MA,76158
AD000771,993 tracy mountains,west williamville,MS,98830
AD000772,417 waters turnpike suite 250,wrighttown,MD,47184
AD000773,5983 susan ranch apt. 403,johnfurt,NE,92336
AD000774,61572 garrett point,new sean,MD,14623
AD000775,2925 david ways suite 875,west marie,MS,72607
AD000776,9045 nicole centers,south caleb,CA,18839
AD000777,55516 potter park,gardnerhaven,MT,84625
AD000778,2143 brian springs,north dawnbury,NJ,06057
AD000779,556 smith track,travischester,OH,09408
AD000780,51958 randy drive apt. 944,williamburgh,MP,26923
AD000781,47079 harris creek apt. 613,port ashley,WA,39640
AD000782,0394 william inlet apt. 325,south stacey,MS,94868
AD000783,8943 christina alley apt. 900,sarahport,NV,50494
AD000784,36514 valdez hills apt. 142,stephenborough,DE,83955
AD000785,11379 nelson squares,brownberg,IL,09041
AD000786,6209 diane trail suite 473,andrewview,VI,25151
AD000787,687 jennifer summit,west michaelstad,NH,62429
AD000788,5629 watson key,dylanfort,TX,71577
AD000789,55778 pamela junctions apt. 958,port lauren,DC,27477
AD000790,190 michael shores,lake jeremy,VT,44396
AD000791,639 brady spurs apt. 372,lake aaron,WY,66628
AD000792,64381 andrew burgs suite 132,north jonville,NE,47361
AD000793,5346 reid ramp apt. 707,michaelview,UT,62576
AD000794,706 sydney trace apt. 748,north johnville,NH,50288
AD000795,4873 davis spur,new michelle,WI,04201
AD000796,968 jon crest suite 274,north kelly,MA,56433
AD000797,7306 kelsey cape,ianmouth,VI,90027
AD000798,22299 samuel lakes,smithhaven,MH,91440
AD000799,6861 christopher wells,thomashaven,PW,32381
