record_id,source_system,first_name,last_name,email,email_id,phone,phone_id,address_id,dob,ground_truth_id,last_invoice_total,payment_method
R0000002,BILLING,Danielle,Johnson,danielle.johnson0@yahoo.com,EM000000,1043321819,PH000000,AD000000,1963-12-20,0,1872.64,card
R0000005,BILLING,Michael,Cooper,michael.cooper2@yahoo.com,EM000002,+13863794026,PH000002,AD000002,1965-12-11,2,1626.86,paypal
R0000009,BILLING,Amanda,Sanchez,amanda.sanchez4@yahoo.com,EM000004,+15940781618,PH000004,AD000004,1995-01-15,4,563.59,card
R0000013,BILLING,Courtnoy,Conner,courtney.conner6@yahoo.com,EM000006,316-475-2553,PH000006,AD000006,1994-01-20,6,448.97,card
R0000014,BILLING,Matthew,Carter,matthew.carter7@gmail.com,EM000007,+14192832764,PH000007,AD000007,1971-05-13,7,413.21,card
R0000017,BILLING,Hannah,Marquez,hannah.marquez9@yahoo.com,EM000009,3953767242,PH000009,AD000009,1972-12-02,9,1373.7,paypal
R0000020,BILLING,Chad,Young,chad.young10@hotmail.com,EM000010,3884969653,PH000010,AD000010,1954-02-14,10,1936.12,paypal
R0000024,BILLING,Christopher,Lopez,christopher.lopez14@hotmail.com,EM000014,+18281489325,PH000014,AD000014,1968-03-07,14,982.55,card
R0000027,BILLING,Mike,Moore,mike.moore16@hotmail.com,EM000016,4303911718,PH000016,AD000016,1973-10-08,16,247.31,card
R0000031,BILLING,James,Walters,james.walters17@yahoo.com,EM000017,227-824-8963,PH000017,AD000017,1960-07-30,17,1661.4,paypal
R0000032,BILLING,Amy,Davenpokt,amy.davenport18@hotmail.com,EM000018,834-657-8713,PH000018,AD000018,1978-02-02,18,1999.64,paypal
R0000035,BILLING,Tfrri,Brady,terri.brady19@gmail.com,EM000019,315-098-3930,PH000019,AD000019,1981-10-04,19,1294.34,paypal
R0000039,BILLING,Michael,Hoover,michael.hoover20@gmail.com,EM000020,+11031051834,PH000020,AD000020,1958-04-14,20,80.88,ach
R0000042,BILLING,Gloria,Bentley,gloria.bentley22@hotmail.com,EM000022,+13116566701,PH000022,AD000022,1997-11-18,22,1026.83,paypal
R0000047,BILLING,Emma,Dixon,emma.dixon24@hotmail.com,EM000024,624-731-7810,PH000024,AD000024,1960-06-18,24,212.66,paypal
R0000050,BILLING,Gaegory,Rubio,gregory.rubio26@hotmail.com,EM000026,+10260647468,PH000026,AD000026,2001-01-15,26,1392.06,card
R0000054,BILLING,Jason,Perry,jason.perry28@yahoo.com,EM000028,(009) 788-2081,PH000028,AD000028,2000-06-05,28,667.7,card
R0000056,BILLING,Amy,Morrison,amy.morrison29@gmail.com,EM000029,219-136-1939,PH000029,AD000029,1979-08-09,29,1222.99,paypal
R0000058,BILLING,Derek,Murray,derek.murray30@gmail.com,EM000030,9091699854,PH000030,AD000030,1965-09-11,30,1292.36,ach
R0000059,BILLING,Debra,Harrington,debra.harrington31@hotmail.com,EM000031,+13534624751,PH000031,AD000031,1975-07-16,31,1015.27,paypal
R0000063,BILLING,Gary,Lawson,gary.lawson32@hotmail.com,EM000032,(079) 911-8384,PH000032,AD000032,1966-12-18,32,1586.96,ach
R0000065,BILLING,Curtis,Barton,curtis.barton33@hotmail.com,EM000033,(251) 354-2784,PH000033,AD000033,,33,127.33,ach
R0000067,BILLING,Ryan,Cox,ryan.cox34@yahoo.com,EM000034,+19808412411,PH000034,AD000034,1969-06-01,34,1208.58,card
R0000071,BILLING,Jennifer,Freeman,jennifer.freeman36@gmail.com,EM000036,+17401640052,PH000036,AD000036,1987-11-21,36,878.22,ach
R0000073,BILLING,Marissa,Phillips,marissa.phillips38@yahoo.com,EM000038,(805) 982-6204,PH000038,AD000038,1983-11-03,38,275.99,ach
R0000080,BILLING,Kevin,Oliver,kevin.oliver41@hotmail.com,EM000041,4216073375,PH000041,AD000041,1966-03-10,41,1576.68,paypal
R0000082,BILLING,Kemth,Campbell,keith.campbell42@yahoo.com,EM000042,433-036-5414,PH000042,AD000042,1955-04-18,42,252.01,paypal
R0000086,BILLING,Suzanne,Huhf,suzanne.huff44@hotmail.com,EM000044,+14019655698,PH000044,AD000044,1993-08-19,44,1978.0,paypal
R0000088,BILLING,Lisa,Costa,lisa.costa45@yahoo.com,EM000045,+11693406088,PH000045,AD000045,1977-12-09,45,908.62,card
R0000092,BILLING,Michelle,Bryan,michelle.bryan46@gmail.com,EM000046,(356) 159-5148,PH000046,AD000046,1958-09-13,46,258.77,paypal
R0000095,BILLING,Adthony,Mccoy,anthony.mccoy47@gmail.com,EM000047,+14656482366,PH000047,AD000047,1970-04-19,47,606.52,ach
R0000101,BILLING,Vanessa,Sparko,vanessa.sparks50@hotmail.com,EM000050,2148951343,PH000050,AD000050,1960-03-31,50,1291.83,card
R0000103,BILLING,Robert,Pena,robert.pena51@gmail.com,EM000051,(320) 037-9176,PH000051,AD000051,,51,1316.51,paypal
R0000109,BILLING,Ahdrew,Greer,andrew.greer55@yahoo.com,EM000055,727-743-4873,PH000055,AD000055,1953-02-12,55,770.1,card
R0000113,BILLING,Julie,Morgan,julie.morgan57@gmail.com,EM000057,223-623-1665,PH000057,AD000057,1993-11-21,57,1306.12,card
R0000118,BILLING,Paige,Taylor,paige.taylor59@yahoo.com,EM000059,+16705466889,PH000059,AD000059,1980-09-11,59,1324.55,ach
R0000126,BILLING,Cynthia,Kelley,cynthia.kelley64@yahoo.com,EM000064,8053100330,PH000064,AD000064,1977-07-27,64,392.17,paypal
R0000128,BILLING,Rcbert,Davis,robert.davis65@yahoo.com,EM000065,(923) 271-9374,PH000065,AD000065,1988-08-26,65,1710.96,paypal
R0000129,BILLING,Anna,Santiago,anna.santiago66@yahoo.com,EM000066,+15299124190,PH000066,AD000066,,66,854.23,paypal
R0000134,BILLING,Jeremy,Patterson,jeremy.patterson67@hotmail.com,EM000067,4966319314,PH000067,AD000067,1988-12-21,67,658.45,card
R0000137,BILLING,Diane,Jones,diane.jones68@hotmail.com,EM000068,(919) 058-6518,PH000068,AD000068,1954-01-06,68,1528.2,paypal
R0000141,BILLING,Tyler,Jordan,tyler.jordan71@gmail.com,EM000071,5314737996,PH000071,AD000071,1998-09-19,71,1238.46,ach
R0000144,BILLING,Danielle,Roberts,danielle.roberts72@yahoo.com,EM000072,5075273545,PH000072,AD000072,,72,255.36,paypal
R0000146,BILLING,Monica,Reese,monica.reese73@gmail.com,EM000073,+14948083136,PH000073,AD000073,1995-01-16,73,1035.36,paypal
R0000149,BILLING,Charles,Bean,charles.bean74@hotmail.com,EM000074,+17837770143,PH000074,AD000074,1990-09-06,74,599.26,ach
R0000153,BILLING,dhannon,Pacheco,shannon.pacheco76@hotmail.com,EM000076,855-744-4313,PH000076,AD000076,1962-03-06,76,1262.67,ach
R0000155,BILLING,Justin,Cummdngs,justin.cummings78@hotmail.com,EM000078,(941) 343-5240,PH000078,AD000078,,78,1354.9,ach
R0000157,BILLING,Dawn,Merphy,dawn.murphy79@gmail.com,EM000079,8240084271,PH000079,AD000079,1965-11-07,79,383.36,ach
R0000161,BILLING,Zoe,Moore,zoe.moore80@yahoo.com,EM000080,094-777-5204,PH000080,AD000080,1997-08-01,80,1502.27,ach
R0000163,BILLING,Kellie,Lamb,kellie.lamb81@gmail.com,EM000081,7116719022,PH000081,AD000081,1975-06-20,81,1167.97,card
R0000167,BILLING,Lucas,Garcia,lucas.garcia84@hotmail.com,EM000084,9091334123,PH000084,AD000084,1979-03-29,84,49.44,ach
R0000173,BILLING,Ruben,Mendez,ruben.mendez86@gmail.com,EM000086,(034) 471-3493,PH000086,AD000086,1995-02-25,86,419.75,card
R0000175,BILLING,Courtney,Ingram,courtney.ingram87@hotmail.com,EM000087,(618) 324-2102,PH000087,AD000087,,87,277.9,card
R0000178,BILLING,Sarah,Robertson,sarah.robertson88@hotmail.com,EM000088,4994717464,PH000088,AD000088,1984-03-15,88,1068.98,card
R0000180,BILLING,Heathpr,Riccardson,heather.richardson89@hotmail.com,EM000089,(887) 719-0659,PH000089,AD000089,1953-04-26,89,771.79,card
R0000181,BILLING,Jessica,Buck,jessica.buck90@hotmail.com,EM000090,401-399-0490,PH000090,AD000090,,90,653.54,ach
R0000186,BILLING,Cheryl,Miller,cheryl.miller94@yahoo.com,EM000094,6808760385,PH000094,AD000094,1993-12-22,94,1761.99,ach
R0000193,BILLING,Joshua,ceber,joshua.weber96@hotmail.com,EM000096,+17109324808,PH000096,AD000096,1955-12-18,96,1351.24,ach
R0000194,BILLING,Brandon,May,brandon.may97@hotmail.com,EM000097,(613) 171-2748,PH000097,AD000097,1961-03-12,97,1834.27,ach
R0000196,BILLING,Scott,Washington,scott.washington98@gmail.com,EM000098,+14677378263,PH000098,AD000098,,98,201.03,ach
R0000201,BILLING,Donald,Williams,donald.williams99@yahoo.com,EM000099,9821465840,PH000099,AD000099,1965-01-28,99,477.08,card
R0000202,BILLING,Brandy,Williams,brandy.williams100@yahoo.com,EM000100,449-972-7875,PH000100,AD000100,1963-09-07,100,1337.9,card
R0000206,BILLING,Vincent,Willlams,vincent.williams102@gmail.com,EM000102,(360) 576-6270,PH000102,AD000102,,102,1770.92,ach
R0000208,BILLING,Tracy,Hart,tracy.hart103@yahoo.com,EM000103,+12895171870,PH000103,AD000103,1999-07-12,103,1392.63,paypal
R0000210,BILLING,Brett,Castillo,brett.castillo104@hotmail.com,EM000104,2621745961,PH000104,AD000104,1985-09-24,104,1174.94,card
R0000214,BILLING,Jared,Nguyen,jared.nguyen105@hotmail.com,EM000105,+15865780913,PH000105,AD000105,1970-09-09,105,79.21,ach
R0000215,BILLING,Kellie,Bush,kellie.bush106@hotmail.com,EM000106,+14316117240,PH000106,AD000106,1995-01-28,106,1835.36,card
R0000220,BILLING,Kristin,Lopez,kristin.lopez109@hotmail.com,EM000109,(792) 374-7407,PH000109,AD000109,2000-03-10,109,1935.45,card
R0000221,BILLING,Stephen,Scott,stephen.scott110@gmail.com,EM000110,+14821759464,PH000110,AD000110,1977-09-17,110,1010.59,paypal
R0000223,BILLING,Elizabeth,Lopez,elizabeth.lopez111@gmail.com,EM000111,+17436713695,PH000111,AD000111,1958-06-25,111,514.58,ach
R0000226,BILLING,Steven,Moore,steven.moore112@hotmail.com,EM000112,+19440640909,PH000112,AD000112,1987-01-06,112,1940.99,ach
R0000227,BILLING,Laurie,Pmtersen,laurie.petersen113@gmail.com,EM000113,743-953-3942,PH000113,AD000113,1986-12-15,113,324.72,ach
R0000230,BILLING,Edward,Murphy,edward.murphy114@hotmail.com,EM000114,+11047095214,PH000114,AD000114,1977-05-19,114,1290.67,ach
R0000234,BILLING,Jonathan,Smith,jonathan.smith115@gmail.com,EM000115,+15623285884,PH000115,AD000115,2000-01-24,115,1773.3,paypal
R0000236,BILLING,Debbie,Fisher,debbie.fisher116@yahoo.com,EM000116,+12474517123,PH000116,AD000116,1999-05-16,116,616.2,card
R0000245,BILLING,Christian,Cole,christian.cole121@yahoo.com,EM000121,+17586926179,PH000121,AD000121,1988-06-19,121,756.87,card
R0000249,BILLING,Jay,Clark,jay.clark122@yahoo.com,EM000122,640-537-7351,PH000122,AD000122,1982-02-23,122,1471.63,paypal
R0000251,BILLING,Corey,Zavala,corey.zavala123@yahoo.com,EM000123,585-064-3171,PH000123,AD000123,1976-04-13,123,286.32,paypal
R0000254,BILLING,Ashley,Sanchez,ashley.sanchez124@hotmail.com,EM000124,(390) 053-2931,PH000124,AD000124,1978-07-02,124,1399.82,card
R0000260,BILLING,Ariel,Hodge,ariel.hodge128@gmail.com,EM000128,(117) 758-9178,PH000128,AD000128,1990-05-20,128,1706.66,ach
R0000262,BILLING,Douglas,Hoover,douglas.hoover129@yahoo.com,EM000129,(390) 847-0076,PH000129,AD000129,1999-09-19,129,790.62,paypal
R0000265,BILLING,Christian,Mcgee,christian.mcgee130@yahoo.com,EM000130,+16177115921,PH000130,AD000130,1974-08-25,130,1993.7,paypal
R0000266,BILLING,Angela,Bennett,angela.bennett131@gmail.com,EM000131,+12499856984,PH000131,AD000131,1968-10-17,131,666.29,paypal
R0000274,BILLING,Todd,Jones,todd.jones134@yahoo.com,EM000134,4527111161,PH000134,AD000134,1976-04-15,134,1851.97,card
R0000275,BILLING,Linda,Rivera,linda.rivera135@yahoo.com,EM000135,528-098-8516,PH000135,AD000135,1993-07-03,135,867.64,card
R0000279,BILLING,Travps,Johnston,travis.johnston136@gmail.com,EM000136,(560) 494-5198,PH000136,AD000136,1955-02-21,136,1588.69,card
R0000280,BILLING,Lori,flynn,lori.flynn137@yahoo.com,EM000137,+13273158514,PH000137,AD000137,1990-11-05,137,1401.48,ach
R0000284,BILLING,Danielle,Miller,danielle.miller138@gmail.com,EM000138,(936) 899-8094,PH000138,AD000138,,138,601.2,paypal
R0000286,BILLING,Hannah,Hernandez,hannah.hernandez139@gmail.com,EM000139,(024) 455-0229,PH000139,AD000139,,139,73.47,card
R0000289,BILLING,Jo,Ware,jo.ware141@yahoo.com,EM000141,+15254599102,PH000141,AD000141,1971-10-06,141,407.53,paypal
R0000293,BILLING,Candice,Cair,candice.carr142@hotmail.com,EM000142,290-147-6797,PH000142,AD000142,1958-05-24,142,1596.19,ach
R0000297,BILLING,Amanda,Jackson,amanda.jackson145@yahoo.com,EM000145,(432) 445-1076,PH000145,AD000145,1967-04-13,145,1063.36,paypal
R0000301,BILLING,Kenneth,Kidd,kenneth.kidd146@yahoo.com,EM000146,(226) 838-8516,PH000146,AD000146,1989-03-25,146,573.64,ach
R0000304,BILLING,Michael,Campbell,michael.campbell147@hotmail.com,EM000147,+10607159696,PH000147,AD000147,1959-01-26,147,1924.33,ach
R0000307,BILLING,Jacqueline,Anderson,jacqueline.anderson148@gmail.com,EM000148,+16416052975,PH000148,AD000148,1950-08-09,148,1646.73,paypal
R0000310,BILLING,Misty,Boone,misty.boone149@gmail.com,EM000149,(161) 369-6816,PH000149,AD000149,1983-06-19,149,499.53,paypal
R0000311,BILLING,Kristina,Shannon,kristina.shannon150@gmail.com,EM000150,+14535218188,PH000150,AD000150,,150,1262.35,ach
R0000312,BILLING,Erik,Cantu,erik.cantu151@yahoo.com,EM000151,355-231-2432,PH000151,AD000151,1998-01-12,151,114.99,card
R0000313,BILLING,Karina,Patterson,karina.patterson152@gmail.com,EM000152,+19212779979,PH000152,AD000152,1997-08-31,152,804.14,card
R0000317,BILLING,David,Jones,david.jones153@yahoo.com,EM000153,+19552717744,PH000153,AD000153,1960-02-27,153,323.67,ach
R0000318,BILLING,Casey,Elliott,casey.elliott154@hotmail.com,EM000154,(905) 814-7700,PH000154,AD000154,1974-05-11,154,842.11,ach
R0000321,BILLING,Sylvia,Edwards,sylvia.edwards155@gmail.com,EM000155,(541) 199-8679,PH000155,AD000155,,155,311.08,paypal
R0000325,BILLING,Michael,Vega,michael.vega157@yahoo.com,EM000157,(071) 518-2037,PH000157,AD000157,1979-04-06,157,1565.43,card
R0000328,BILLING,Jacqueline,Miller,jacqueline.miller158@hotmail.com,EM000158,7889255466,PH000158,AD000158,1980-03-16,158,462.86,ach
R0000329,BILLING,Jessica,Mathis,jessica.mathis159@gmail.com,EM000159,5905151864,PH000159,AD000159,1951-03-18,159,561.11,ach
R0000333,BILLING,Garrett,Moore,garrett.moore161@gmail.com,EM000161,(291) 486-5281,PH000161,AD000161,1988-01-22,161,1557.62,paypal
R0000334,BILLING,Linda,elein,linda.klein162@hotmail.com,EM000162,(685) 054-2357,PH000162,AD000162,1971-07-31,162,1203.67,card
R0000338,BILLING,Natalie,Tapaa,natalie.tapia164@gmail.com,EM000164,059-296-2229,PH000164,AD000164,1981-08-20,164,548.3,card
R0000344,BILLING,Jiseph,Wilson,joseph.wilson167@gmail.com,EM000167,+14688623924,PH000167,AD000167,1981-03-17,167,1581.24,paypal
R0000350,BILLING,Michael,Odonnell,michael.odonnell170@yahoo.com,EM000170,(606) 853-6153,PH000170,AD000170,1986-03-21,170,296.67,ach
R0000351,BILLING,John,Mcknight,john.mcknight171@hotmail.com,EM000171,(051) 522-0472,PH000171,AD000171,1991-01-26,171,1139.32,paypal
R0000358,BILLING,Sharon,Taylor,sharon.taylor177@hotmail.com,EM000177,+18067065405,PH000177,AD000177,1999-06-17,177,534.91,paypal
R0000361,BILLING,Mark,Mccann,mark.mccann180@yahoo.com,EM000180,(303) 054-8687,PH000180,AD000180,1952-03-09,180,563.63,card
R0000366,BILLING,Jeremy,Adams,jeremy.adams182@gmail.com,EM000182,(667) 652-7758,PH000182,AD000182,1978-12-04,182,893.39,ach
R0000368,BILLING,Brad,Miller,brad.miller184@hotmail.com,EM000184,+11154479627,PH000184,AD000184,1958-02-03,184,827.89,paypal
R0000373,BILLING,Richard,Montgomery,richard.montgomery186@hotmail.com,EM000186,+15820297021,PH000186,AD000186,1959-08-01,186,1862.68,ach
R0000376,BILLING,Riehard,aeleon,richard.deleon188@hotmail.com,EM000188,(571) 928-5654,PH000188,AD000188,1977-06-13,188,1627.42,card
R0000378,BILLING,Cynthia,Martinez,cynthia.martinez189@gmail.com,EM000189,3102786814,PH000189,AD000189,1956-08-02,189,311.77,paypal
R0000381,BILLING,Justin,Hugees,justin.hughes190@gmail.com,EM000190,(473) 947-3121,PH000190,AD000190,1965-08-30,190,800.8,card
R0000382,BILLING,Johnny,Trujillo,johnny.trujillo191@yahoo.com,EM000191,(727) 155-1884,PH000191,AD000191,1957-10-16,191,154.42,paypal
R0000383,BILLING,Timothy,Rogers,timothy.rogers192@yahoo.com,EM000192,4225831323,PH000192,AD000192,1977-12-20,192,1293.29,card
R0000386,BILLING,Jessica,Hansen,jessica.hansen194@gmail.com,EM000194,114-678-6691,PH000194,AD000194,1993-08-10,194,1580.45,card
R0000387,BILLING,Brandy,Blackjurn,brandy.blackburn195@gmail.com,EM000195,251-778-5289,PH000195,AD000195,1999-02-20,195,1000.43,ach
R0000389,BILLING,Henry,Miller,henry.miller196@yahoo.com,EM000196,226-801-8242,PH000196,AD000196,1959-03-30,196,1704.05,ach
R0000393,BILLING,Jeremy,Acosta,jeremy.acosta199@gmail.com,EM000199,2299590010,PH000199,AD000199,1992-11-03,199,1916.03,paypal
R0000394,BILLING,Brandon,Vang,brandon.vang200@hotmail.com,EM000200,(943) 969-0784,PH000200,AD000200,1997-02-06,200,1594.77,card
R0000400,BILLING,James,Baker,james.baker202@hotmail.com,EM000202,677-359-2555,PH000202,AD000202,1956-06-29,202,15.89,card
R0000401,BILLING,Rebecca,Conley,rebecca.conley203@hotmail.com,EM000203,6258815371,PH000203,AD000203,1996-06-28,203,1338.3,ach
R0000404,BILLING,Suzanne,Nelson,suzanne.nelson205@yahoo.com,EM000205,+13259532787,PH000205,AD000205,1999-12-05,205,1482.57,card
R0000407,BILLING,Teresa,Anderson,teresa.anderson206@yahoo.com,EM000206,747-016-8733,PH000206,AD000206,1997-04-09,206,1271.37,card
R0000410,BILLING,Jackie,Davis,jackie.davis207@hotmail.com,EM000207,+19500479748,PH000207,AD000207,1983-11-22,207,1567.71,paypal
R0000414,BILLING,Malik,Rivera,malik.rivera208@yahoo.com,EM000208,016-245-6506,PH000208,AD000208,1984-05-10,208,1444.57,ach
R0000418,BILLING,Maria,Brandt,maria.brandt211@yahoo.com,EM000211,+15852398680,PH000211,AD000211,1965-02-08,211,1530.16,card
R0000420,BILLING,Stephen,Harrington,stephen.harrington212@hotmail.com,EM000212,0025787298,PH000212,AD000212,1962-06-30,212,1811.77,card
R0000423,BILLING,Heather,Thompson,heather.thompson213@gmail.com,EM000213,2595269495,PH000213,AD000213,1981-04-02,213,229.0,ach
R0000426,BILLING,Linda,Taylor,linda.taylor214@hotmail.com,EM000214,888-794-7055,PH000214,AD000214,,214,306.75,ach
R0000428,BILLING,Ashley,Contreras,ashley.contreras215@yahoo.com,EM000215,169-409-7499,PH000215,AD000215,1997-06-06,215,1272.55,paypal
R0000431,BILLING,nristen,Harres,kristen.harris216@hotmail.com,EM000216,(309) 728-9623,PH000216,AD000216,,216,1415.15,card
R0000434,BILLING,Sara,Hughes,sara.hughes217@hotmail.com,EM000217,+10913075626,PH000217,AD000217,1980-12-23,217,206.84,ach
R0000437,BILLING,Gregory,Fleming,gregory.fleming218@gmail.com,EM000218,368-970-2838,PH000218,AD000218,1950-10-27,218,420.59,ach
R0000438,BILLING,Mark,Mcbinney,mark.mckinney219@gmail.com,EM000219,(578) 652-7858,PH000219,AD000219,1962-12-13,219,685.62,ach
R0000444,BILLING,Jennifer,Johnson,jennifer.johnson222@hotmail.com,EM000222,(198) 665-2404,PH000222,AD000222,1993-02-05,222,785.65,paypal
R0000445,BILLING,Cameron,Santiago,cameron.santiago223@gmail.com,EM000223,1574733848,PH000223,AD000223,1965-12-05,223,543.35,ach
R0000448,BILLING,Rkonda,Russell,rhonda.russell224@yahoo.com,EM000224,4219933083,PH000224,AD000224,1970-12-11,224,490.64,card
R0000452,BILLING,Ashley,Long,ashley.long226@hotmail.com,EM000226,2677345401,PH000226,AD000226,1954-02-19,226,1605.45,ach
R0000457,BILLING,Melissa,Randolph,melissa.randolph227@hotmail.com,EM000227,+19380262067,PH000227,AD000227,1972-01-23,227,626.35,paypal
R0000458,BILLING,Todd,Murphy,todd.murphy228@hotmail.com,EM000228,+12400499154,PH000228,AD000228,1974-11-25,228,1934.31,card
R0000463,BILLING,Michael,Walker,michael.walker231@hotmail.com,EM000231,(296) 685-1612,PH000231,AD000231,1995-04-23,231,643.82,paypal
R0000468,BILLING,Tina,Nguyen,tina.nguyen233@hotmail.com,EM000233,+15499045301,PH000233,AD000233,1974-06-14,233,308.0,paypal
R0000471,BILLING,Jennifer,Wilson,jennifer.wilson235@gmail.com,EM000235,332-727-9568,PH000235,AD000235,1985-04-27,235,481.12,ach
R0000476,BILLING,Michelle,iackson,michelle.jackson237@yahoo.com,EM000237,191-088-3982,PH000237,AD000237,1976-03-04,237,1064.26,ach
R0000480,BILLING,Ricky,Lopez,ricky.lopez240@hotmail.com,EM000240,740-640-3910,PH000240,AD000240,1994-10-11,240,1924.49,paypal
R0000481,BILLING,Brenda,Green,brenda.green241@hotmail.com,EM000241,651-801-7046,PH000241,AD000241,1998-06-12,241,1358.41,card
R0000485,BILLING,Adam,Davis,adam.davis243@gmail.com,EM000243,+12512868230,PH000243,AD000243,1994-01-03,243,1655.5,ach
R0000487,BILLING,Troy,Smith,troy.smith244@hotmail.com,EM000244,047-868-6337,PH000244,AD000244,1978-01-10,244,1988.17,ach
R0000491,BILLING,Addm,Thompson,adam.thompson246@hotmail.com,EM000246,(311) 907-9030,PH000246,AD000246,1980-07-26,246,1936.31,ach
R0000495,BILLING,Tammy,Hart,tammy.hart247@gmail.com,EM000247,673-830-2843,PH000247,AD000247,,247,502.87,ach
R0000498,BILLING,James,Wright,james.wright249@hotmail.com,EM000249,644-089-2687,PH000249,AD000249,1983-11-02,249,346.6,ach
R0000500,BILLING,Ian,Durao,ian.duran250@hotmail.com,EM000250,(056) 856-6246,PH000250,AD000250,1981-09-29,250,751.93,ach
R0000502,BILLING,Ivan,Coleman,ivan.coleman252@yahoo.com,EM000252,6688263435,PH000252,AD000252,,252,1117.82,ach
R0000505,BILLING,Thdmas,Smith,thomas.smith253@yahoo.com,EM000253,175-183-0469,PH000253,AD000253,1956-12-27,253,581.15,ach
R0000509,BILLING,Shannon,dook,shannon.cook254@yahoo.com,EM000254,(901) 398-3735,PH000254,AD000254,1985-03-04,254,207.21,card
R0000510,BILLING,Tony,Doyle,tony.doyle255@gmail.com,EM000255,403-317-3936,PH000255,AD000255,1994-11-15,255,469.86,paypal
R0000515,BILLING,Kelly,Adams,kelly.adams256@hotmail.com,EM000256,3854678544,PH000256,AD000256,,256,914.16,paypal
R0000517,BILLING,Amy,Johnson,amy.johnson257@yahoo.com,EM000257,+15877175355,PH000257,AD000257,1962-01-17,257,553.81,card
R0000520,BILLING,Amber,Ballarp,amber.ballard259@yahoo.com,EM000259,+16423536937,PH000259,AD000259,1979-09-23,259,943.5,paypal
R0000523,BILLING,Gail,Mitchell,gail.mitchell261@hotmail.com,EM000261,+18728080100,PH000261,AD000261,1951-12-11,261,1465.29,card
R0000528,BILLING,Steven,Moody,steven.moody263@yahoo.com,EM000263,(099) 770-0886,PH000263,AD000263,1967-05-18,263,172.04,card
R0000531,BILLING,Paul,Proctor,paul.proctor264@gmail.com,EM000264,0084840862,PH000264,AD000264,1985-11-19,264,1001.7,ach
R0000534,BILLING,David,Olson,david.olson265@yahoo.com,EM000265,118-233-9845,PH000265,AD000265,1951-01-16,265,1881.24,ach
R0000536,BILLING,Tanya,Perkids,tanya.perkins266@hotmail.com,EM000266,+14615679334,PH000266,AD000266,1958-12-31,266,1873.85,ach
R0000539,BILLING,Tony,Stewart,tony.stewart267@hotmail.com,EM000267,(101) 666-8700,PH000267,AD000267,1972-06-18,267,1220.0,card
R0000541,BILLING,Jessica,Hill,jessica.hill268@hotmail.com,EM000268,217-659-1803,PH000268,AD000268,1992-08-22,268,700.52,ach
R0000544,BILLING,Daniel,Lee,daniel.lee270@gmail.com,EM000270,250-392-6142,PH000270,AD000270,2001-01-11,270,387.29,ach
R0000548,BILLING,Ppul,Lee,paul.lee272@hotmail.com,EM000272,501-631-5999,PH000272,AD000272,1961-10-15,272,1795.28,card
R0000550,BILLING,Laura,Pierce,laura.pierce273@hotmail.com,EM000273,+16504773586,PH000273,AD000273,1975-12-17,273,1800.85,paypal
R0000551,BILLING,Katie,Howe,katie.howe274@yahoo.com,EM000274,(629) 619-4311,PH000274,AD000274,1969-03-19,274,609.88,paypal
R0000554,BILLING,Samantha,Dixon,samantha.dixon275@hotmail.com,EM000275,426-265-5110,PH000275,AD000275,1989-04-04,275,1930.19,card
R0000556,BILLING,Ricardo,Hardin,ricardo.hardin276@hotmail.com,EM000276,(475) 412-1267,PH000276,AD000276,1976-05-26,276,62.61,ach
R0000558,BILLING,Jeffrey,Williams,jeffrey.williams278@hotmail.com,EM000278,9956046618,PH000278,AD000278,1968-04-20,278,1504.8,card
R0000559,BILLING,Christopher,Shaw,christopher.shaw279@hotmail.com,EM000279,3982622444,PH000279,AD000279,1972-06-11,279,325.1,ach
R0000562,BILLING,Gail,Johnston,gail.johnston280@gmail.com,EM000280,721-264-6471,PH000280,AD000280,1964-01-10,280,1564.85,paypal
R0000570,BILLING,Sierra,Jones,sierra.jones283@hotmail.com,EM000283,924-593-7526,PH000283,AD000283,1963-12-21,283,742.72,paypal
R0000572,BILLING,Vincent,Ellis,vincent.ellis284@hotmail.com,EM000284,5479356465,PH000284,AD000284,1966-07-05,284,588.13,card
R0000573,BILLING,Wendy,Irwin,wendy.irwin285@yahoo.com,EM000285,193-982-8073,PH000285,AD000285,1985-11-14,285,212.46,card
R0000575,BILLING,Susan,Salazar,susan.salazar286@hotmail.com,EM000286,7416724342,PH000286,AD000286,1989-12-22,286,1917.25,card
R0000577,BILLING,Amber,Mcbride,amber.mcbride287@gmail.com,EM000287,+16617979688,PH000287,AD000287,1972-02-15,287,657.37,ach
R0000580,BILLING,Nicole,Gutierrez,nicole.gutierrez288@yahoo.com,EM000288,6805891135,PH000288,AD000288,1974-11-19,288,1973.49,paypal
R0000581,BILLING,Christopher,Chan,christopher.chan289@gmail.com,EM000289,(290) 965-6101,PH000289,AD000289,1964-03-28,289,235.93,ach
R0000587,BILLING,Kelly,Ellisln,kelly.ellison292@hotmail.com,EM000292,611-254-5738,PH000292,AD000292,1962-08-11,292,1821.35,paypal
R0000589,BILLING,Shawn,Mosley,shawn.mosley293@gmail.com,EM000293,(757) 177-5140,PH000293,AD000293,1973-03-31,293,1298.81,ach
R0000590,BILLING,Ariana,Kepler,ariana.keller294@gmail.com,EM000294,+11051238282,PH000294,AD000294,1951-04-08,294,1128.26,paypal
R0000593,BILLING,Christine,Grant,christine.grant296@gmail.com,EM000296,+10937966033,PH000296,AD000296,1978-10-23,296,447.27,card
R0000594,BILLING,Victoria,Martin,victoria.martin297@yahoo.com,EM000297,(419) 182-5537,PH000297,AD000297,1982-06-23,297,1677.58,card
R0000597,BILLING,Dennis,Neal,dennis.neal298@yahoo.com,EM000298,147-859-6969,PH000298,AD000298,1989-07-29,298,1777.76,ach
R0000603,BILLING,Randy,Carrgll,randy.carroll301@gmail.com,EM000301,(669) 296-6278,PH000301,AD000301,,301,134.52,paypal
R0000605,BILLING,Kristen,Gutierrez,kristen.gutierrez302@hotmail.com,EM000302,+12827422579,PH000302,AD000302,1969-07-09,302,980.44,paypal
R0000608,BILLING,Mary,Morgan,mary.morgan303@yahoo.com,EM000303,0507236887,PH000303,AD000303,1968-11-29,303,227.07,paypal
R0000610,BILLING,Robert,Crawford,robert.crawford304@gmail.com,EM000304,+16767721903,PH000304,AD000304,1973-07-31,304,818.01,paypal
R0000617,BILLING,Dakota,Miranda,dakota.miranda306@hotmail.com,EM000306,(881) 914-8580,PH000306,AD000306,1988-07-08,306,580.37,card
R0000618,BILLING,Willie,Clark,willie.clark307@yahoo.com,EM000307,(783) 613-4074,PH000307,AD000307,,307,1690.96,paypal
R0000623,BILLING,Isaac,Stark,isaac.stark310@yahoo.com,EM000310,+19825449481,PH000310,AD000310,1957-09-19,310,1312.1,ach
R0000627,BILLING,Mark,Banks,mark.banks311@yahoo.com,EM000311,2604223253,PH000311,AD000311,1987-06-29,311,664.87,paypal
R0000629,BILLING,Gina,Carlson,gina.carlson313@yahoo.com,EM000313,6845775901,PH000313,AD000313,1996-10-24,313,117.87,ach
R0000630,BILLING,Natalie,Evann,natalie.evans314@hotmail.com,EM000314,+17518636374,PH000314,AD000314,1952-07-23,314,536.29,card
R0000633,BILLING,Joe,Park,joe.park315@yahoo.com,EM000315,545-892-9750,PH000315,AD000315,1960-12-07,315,875.2,card
R0000634,BILLING,Keith,Salas,keith.salas316@gmail.com,EM000316,0170127706,PH000316,AD000316,1981-05-11,316,1497.99,paypal
R0000635,BILLING,William,Arnold,william.arnold317@yahoo.com,EM000317,+13242415415,PH000317,AD000317,1998-05-27,317,1760.45,ach
R0000645,BILLING,Cassandra,Kent,cassandra.kent321@hotmail.com,EM000321,+15542622189,PH000321,AD000321,1973-10-07,321,1818.46,card
R0000647,BILLING,Gary,Rosn,gary.ross323@yahoo.com,EM000323,311-219-6565,PH000323,AD000323,1957-01-23,323,654.18,paypal
R0000649,BILLING,Emily,Decker,emily.decker325@gmail.com,EM000325,(043) 898-3640,PH000325,AD000325,1956-04-25,325,1679.75,paypal
R0000652,BILLING,Melissa,Anderson,melissa.anderson326@hotmail.com,EM000326,(376) 137-9180,PH000326,AD000326,1955-06-22,326,21.34,ach
R0000655,BILLING,Joshua,Browa,joshua.brown327@yahoo.com,EM000327,+15526965827,PH000327,AD000327,1994-03-20,327,1855.15,paypal
R0000658,BILLING,Rebecba,Andrews,rebecca.andrews329@hotmail.com,EM000329,848-666-1889,PH000329,AD000329,1993-06-18,329,554.96,card
R0000661,BILLING,Wende,Holland,wendy.holland330@yahoo.com,EM000330,241-418-3285,PH000330,AD000330,1959-12-17,330,886.8,ach
R0000663,BILLING,Austin,Johnson,austin.johnson331@hotmail.com,EM000331,691-463-0316,PH000331,AD000331,1954-04-02,331,181.12,paypal
R0000668,BILLING,John,Banks,john.banks333@gmail.com,EM000333,+10275884252,PH000333,AD000333,1992-04-30,333,1157.39,ach
R0000670,BILLING,Jeffrey,Brock,jeffrey.brock334@yahoo.com,EM000334,4105648149,PH000334,AD000334,1978-09-08,334,414.89,paypal
R0000675,BILLING,Heather,Sparks,heather.sparks336@yahoo.com,EM000336,+12419138000,PH000336,AD000336,1993-02-11,336,878.02,paypal
R0000677,BILLING,Margaret,Turner,margaret.turner337@yahoo.com,EM000337,3075622086,PH000337,AD000337,1969-03-31,337,1754.87,paypal
R0000678,BILLING,Brian,Rodriguez,brian.rodriguez338@gmail.com,EM000338,3536541951,PH000338,AD000338,1952-05-31,338,57.11,paypal
R0000679,BILLING,Todd,Wilson,todd.wilson339@gmail.com,EM000339,(802) 380-6174,PH000339,AD000339,1955-06-10,339,1326.81,card
R0000680,BILLING,Thomas,Washington,thomas.washington340@yahoo.com,EM000340,(451) 870-5349,PH000340,AD000340,1952-08-14,340,1.69,card
R0000684,BILLING,Robin,Villanueva,robin.villanueva343@yahoo.com,EM000343,6413836702,PH000343,AD000343,1951-04-13,343,191.65,card
R0000686,BILLING,Heather,Russell,heather.russell344@gmail.com,EM000344,4103865719,PH000344,AD000344,1981-12-29,344,1940.45,card
R0000689,BILLING,Christopher,Gilmore,christopher.gilmore346@hotmail.com,EM000346,344-565-5743,PH000346,AD000346,1988-08-05,346,569.93,ach
R0000692,BILLING,Jenna,Harris,jenna.harris347@yahoo.com,EM000347,+11329121277,PH000347,AD000347,1996-09-22,347,23.18,paypal
R0000693,BILLING,Rodney,Brown,rodney.brown348@yahoo.com,EM000348,+15618537474,PH000348,AD000348,1977-01-08,348,1614.25,ach
R0000698,BILLING,Rachael,Roberts,rachael.roberts349@gmail.com,EM000349,1124903521,PH000349,AD000349,1974-01-11,349,504.65,ach
R0000699,BILLING,Robert,Rojas,robert.rojas350@gmail.com,EM000350,(356) 804-4206,PH000350,AD000350,1962-02-14,350,595.37,card
R0000702,BILLING,Kristlna,Pered,kristina.perez351@yahoo.com,EM000351,7883171210,PH000351,AD000351,1959-01-16,351,1960.53,card
R0000707,BILLING,Hannah,Denfis,hannah.dennis354@gmail.com,EM000354,+17029667066,PH000354,AD000354,1991-10-27,354,545.36,ach
R0000710,BILLING,Michael,Madden,michael.madden356@hotmail.com,EM000356,993-476-8701,PH000356,AD000356,1964-07-29,356,303.56,paypal
R0000716,BILLING,David,Ramirez,david.ramirez359@gmail.com,EM000359,205-930-4078,PH000359,AD000359,1972-03-10,359,578.7,card
R0000717,BILLING,Steven,Steele,steven.steele360@yahoo.com,EM000360,(593) 213-3480,PH000360,AD000360,1991-03-08,360,726.35,card
R0000720,BILLING,Kaoen,Stephens,karen.stephens361@yahoo.com,EM000361,+13965223955,PH000361,AD000361,1960-12-14,361,196.65,paypal
R0000721,BILLING,Wesley,Decker,wesley.decker362@hotmail.com,EM000362,(905) 992-9378,PH000362,AD000362,1986-01-13,362,1239.84,card
R0000724,BILLING,Kathryn,Peterson,kathryn.peterson363@hotmail.com,EM000363,+14270103930,PH000363,AD000363,1957-10-09,363,1425.59,card
R0000726,BILLING,Antonio,Keller,antonio.keller364@hotmail.com,EM000364,8705932525,PH000364,AD000364,1963-01-04,364,1000.43,card
R0000727,BILLING,Ellen,Johnsbn,ellen.johnson365@gmail.com,EM000365,0029218515,PH000365,AD000365,1986-12-27,365,812.69,paypal
R0000730,BILLING,Adam,Swanson,adam.swanson366@gmail.com,EM000366,+16915452267,PH000366,AD000366,1957-12-10,366,79.81,ach
R0000734,BILLING,April,Simpson,april.simpson367@yahoo.com,EM000367,5289539264,PH000367,AD000367,1963-04-14,367,1378.39,ach
R0000736,BILLING,Melissa,Jacobson,melissa.jacobson368@yahoo.com,EM000368,422-096-9029,PH000368,AD000368,1977-12-12,368,582.44,paypal
R0000739,BILLING,Karen,Saunders,karen.saunders371@yahoo.com,EM000371,+11541006762,PH000371,AD000371,1976-07-17,371,1033.64,ach
R0000742,BILLING,khannon,Farrell,shannon.farrell372@yahoo.com,EM000372,6765861793,PH000372,AD000372,1982-10-27,372,300.18,paypal
R0000746,BILLING,Anna,Moorh,anna.moore373@gmail.com,EM000373,271-040-5411,PH000373,AD000373,1990-03-05,373,1594.54,card
R0000748,BILLING,Anthony,Vance,anthony.vance374@yahoo.com,EM000374,526-218-1599,PH000374,AD000374,1987-01-28,374,415.46,card
R0000753,BILLING,Ronald,Reed,ronald.reed377@gmail.com,EM000377,0698720506,PH000377,AD000377,1989-09-09,377,1014.59,paypal
R0000755,BILLING,Victor,Guerrero,victor.guerrero378@hotmail.com,EM000378,1497310324,PH000378,AD000378,1993-07-29,378,13.03,paypal
R0000756,BILLING,Jamjs,Gutierrkz,james.gutierrez379@yahoo.com,EM000379,(171) 467-7418,PH000379,AD000379,1988-07-13,379,1077.18,card
R0000758,BILLING,Vickie,Henderson,vickie.henderson380@gmail.com,EM000380,625-652-7047,PH000380,AD000380,1971-10-19,380,1343.77,ach
R0000762,BILLING,Carolyn,Camacho,carolyn.camacho381@yahoo.com,EM000381,+17434902115,PH000381,AD000381,1958-10-04,381,1490.43,ach
R0000763,BILLING,Kerbi,Edwards,kerri.edwards382@hotmail.com,EM000382,8693806868,PH000382,AD000382,1979-04-11,382,1610.74,ach
R0000765,BILLING,Thomas,Sanchez,thomas.sanchez383@yahoo.com,EM000383,7937416089,PH000383,AD000383,1976-08-12,383,398.9,card
R0000767,BILLING,Kyle,Mullen,kyle.mullen384@yahoo.com,EM000384,899-217-2233,PH000384,AD000384,1961-05-04,384,1412.98,card
R0000769,BILLING,Ruth,Welch,ruth.welch385@hotmail.com,EM000385,2061632945,PH000385,AD000385,1981-04-12,385,1499.65,ach
R0000773,BILLING,Heather,Gill,heather.gill386@hotmail.com,EM000386,+11168685487,PH000386,AD000386,1985-07-29,386,368.28,ach
R0000774,BILLING,Jennifer,Saunders,jennifer.saunders387@hotmail.com,EM000387,+10998616229,PH000387,AD000387,1969-08-12,387,510.72,paypal
R0000777,BILLING,George,Bradley,george.bradley389@gmail.com,EM000389,4679970246,PH000389,AD000389,1969-09-10,389,151.11,card
R0000779,BILLING,Jessica,Lopez,jessica.lopez390@gmail.com,EM000390,2996065307,PH000390,AD000390,1997-03-05,390,1988.7,card
R0000783,BILLING,Tammy,Hansen,tammy.hansen392@hotmail.com,EM000392,+12475469137,PH000392,AD000392,1959-02-20,392,377.69,card
R0000787,BILLING,Barry,Green,barry.green394@hotmail.com,EM000394,862-890-2330,PH000394,AD000394,1962-09-24,394,1668.31,ach
R0000788,BILLING,Mary,Brady,mary.brady395@yahoo.com,EM000395,(307) 053-4578,PH000395,AD000395,1952-03-15,395,411.26,ach
R0000791,BILLING,Justin,Zavala,justin.zavala396@gmail.com,EM000396,+16103579727,PH000396,AD000396,2000-05-28,396,32.29,ach
R0000792,BILLING,Rebecca,Robles,rebecca.robles397@gmail.com,EM000397,+19855241406,PH000397,AD000397,1956-07-03,397,1891.88,paypal
R0000795,BILLING,Andrew,Clark,andrew.clark398@yahoo.com,EM000398,(029) 333-3468,PH000398,AD000398,1968-09-15,398,1604.76,paypal
R0000796,BILLING,Anna,Henderson,anna.henderson399@yahoo.com,EM000399,(007) 229-0349,PH000399,AD000399,1970-11-17,399,302.76,paypal
R0000799,BILLING,Edgbr,Anderson,edgar.anderson400@yahoo.com,EM000400,+14466574374,PH000400,AD000400,1999-06-15,400,815.31,paypal
R0000802,BILLING,Ashley,King,ashley.king401@yahoo.com,EM000401,8969108589,PH000401,AD000401,1970-09-10,401,268.81,paypal
R0000804,BILLING,Lee,Ramsey,lee.ramsey402@hotmail.com,EM000402,+19441715454,PH000402,AD000402,1982-11-26,402,985.6,paypal
R0000809,BILLING,John,Phillips,john.phillips405@yahoo.com,EM000405,9353875842,PH000405,AD000405,1990-08-28,405,28.64,paypal
R0000811,BILLING,Jenny,Mcconnell,jenny.mcconnell406@yahoo.com,EM000406,(824) 172-4825,PH000406,AD000406,1958-05-24,406,904.21,card
R0000814,BILLING,Trny,Mcmillan,troy.mcmillan407@yahoo.com,EM000407,+11353465549,PH000407,AD000407,1999-02-08,407,252.46,card
R0000818,BILLING,Diane,Anderson,diane.anderson408@yahoo.com,EM000408,+14717099917,PH000408,AD000408,1984-01-13,408,1061.12,card
R0000823,BILLING,Tom,Chaney,tom.chaney410@yahoo.com,EM000410,3569725217,PH000410,AD000410,1991-12-04,410,149.74,paypal
R0000825,BILLING,Kimberly,Meza,kimberly.meza411@hotmail.com,EM000411,5250074329,PH000411,AD000411,1957-03-11,411,386.74,ach
R0000838,BILLING,Breanna,Fields,breanna.fields420@yahoo.com,EM000420,230-461-8499,PH000420,AD000420,1988-06-23,420,1151.25,card
R0000839,BILLING,Mike,Crane,mike.crane421@hotmail.com,EM000421,2618914117,PH000421,AD000421,,421,1294.18,ach
R0000844,BILLING,Dawn,Miller,dawn.miller424@hotmail.com,EM000424,+11972181143,PH000424,AD000424,1998-06-15,424,1726.97,paypal
R0000846,BILLING,Mary,Riley,mary.riley425@gmail.com,EM000425,+17447012045,PH000425,AD000425,1969-11-08,425,1931.81,ach
R0000853,BILLING,Brandon,Stevensoe,brandon.stevenson430@hotmail.com,EM000430,(902) 771-6701,PH000430,AD000430,1998-08-07,430,547.58,ach
R0000858,BILLING,Chris,Johnson,chris.johnson432@hotmail.com,EM000432,9163756289,PH000432,AD000432,1969-07-26,432,640.31,ach
R0000861,BILLING,Andrew,Bookor,andrew.booker435@hotmail.com,EM000435,+11779717751,PH000435,AD000435,1975-01-13,435,872.37,card
R0000864,BILLING,Zachary,Williams,zachary.williams436@hotmail.com,EM000436,7016608801,PH000436,AD000436,1955-07-03,436,792.49,paypal
R0000869,BILLING,Samdel,Davis,samuel.davis438@yahoo.com,EM000438,(375) 899-7571,PH000438,AD000438,1996-07-17,438,807.11,paypal
R0000873,BILLING,David,Silva,david.silva441@hotmail.com,EM000441,1637351609,PH000441,AD000441,,441,1212.32,paypal
R0000878,BILLING,Gregory,Green,gregory.green445@gmail.com,EM000445,+16547226984,PH000445,AD000445,1986-04-17,445,1180.21,card
R0000881,BILLING,Tiffany,Cuevas,tiffany.cuevas446@yahoo.com,EM000446,+18583339452,PH000446,AD000446,1992-05-10,446,1588.11,card
R0000883,BILLING,Brenda,Dickerson,brenda.dickerson447@yahoo.com,EM000447,(288) 515-8799,PH000447,AD000447,1976-11-05,447,585.92,paypal
R0000884,BILLING,paren,Newman,karen.newman448@hotmail.com,EM000448,6846081062,PH000448,AD000448,1964-07-14,448,1219.33,ach
R0000888,BILLING,Jeffrey,Harris,jeffrey.harris449@gmail.com,EM000449,0034244204,PH000449,AD000449,1992-09-14,449,1650.79,ach
R0000891,BILLING,Matthew,Hayes,matthew.hayes450@yahoo.com,EM000450,3805719838,PH000450,AD000450,1955-10-03,450,9.48,card
R0000892,BILLING,Kristi,House,kristi.house451@gmail.com,EM000451,(638) 406-6658,PH000451,AD000451,,451,283.34,card
R0000900,BILLING,Suzanne,Fowler,suzanne.fowler455@yahoo.com,EM000455,(405) 720-2590,PH000455,AD000455,1986-02-13,455,254.23,card
R0000901,BILLING,Chad,Brown,chad.brown456@hotmail.com,EM000456,947-985-1583,PH000456,AD000456,1971-07-08,456,1525.08,card
R0000905,BILLING,Ryan,Mckinney,ryan.mckinney457@yahoo.com,EM000457,(281) 826-8861,PH000457,AD000457,1954-10-15,457,1254.43,ach
R0000907,BILLING,Makayla,Jacoas,makayla.jacobs458@gmail.com,EM000458,533-555-4398,PH000458,AD000458,2000-05-01,458,339.83,ach
R0000910,BILLING,Sabrina,Wolfe,sabrina.wolfe460@hotmail.com,EM000460,0561648408,PH000460,AD000460,1984-11-15,460,909.97,card
R0000913,BILLING,Bradley,Johnson,bradley.johnson461@hotmail.com,EM000461,5887704358,PH000461,AD000461,1998-12-30,461,804.46,paypal
R0000915,BILLING,Stephanie,Taylor,stephanie.taylor462@yahoo.com,EM000462,1128801336,PH000462,AD000462,1969-01-11,462,1446.62,card
R0000919,BILLING,Ekic,Howard,eric.howard463@gmail.com,EM000463,1386120750,PH000463,AD000463,1950-10-02,463,768.58,paypal
R0000921,BILLING,Brandon,Bennett,brandon.bennett464@gmail.com,EM000464,(110) 248-1934,PH000464,AD000464,1995-08-18,464,301.37,ach
R0000924,BILLING,Glenn,Morales,glenn.morales466@yahoo.com,EM000466,091-901-5814,PH000466,AD000466,1984-06-07,466,301.21,card
R0000926,BILLING,Tonya,Garcia,tonya.garcia467@hotmail.com,EM000467,(491) 476-6072,PH000467,AD000467,1951-08-21,467,1801.63,card
R0000927,BILLING,Charlotte,Richards,charlotte.richards468@yahoo.com,EM000468,832-684-2450,PH000468,AD000468,1992-08-11,468,1104.64,ach
R0000928,BILLING,Christopher,eaylor,christopher.taylor469@yahoo.com,EM000469,(882) 100-9968,PH000469,AD000469,1966-01-08,469,945.63,ach
R0000932,BILLING,Melanie,Rivera,melanie.rivera470@gmail.com,EM000470,814-353-6822,PH000470,AD000470,1955-03-14,470,1923.15,ach
R0000935,BILLING,Stephanie,Williams,stephanie.williams471@gmail.com,EM000471,239-431-2908,PH000471,AD000471,1962-06-11,471,477.61,ach
R0000936,BILLING,Catherice,Turner,catherine.turner472@hotmail.com,EM000472,+17814141397,PH000472,AD000472,,472,1744.08,paypal
R0000939,BILLING,Andrew,James,andrew.james473@gmail.com,EM000473,5523149135,PH000473,AD000473,1963-10-03,473,523.18,card
R0000940,BILLING,Eric,Lopez,eric.lopez474@gmail.com,EM000474,775-949-2995,PH000474,AD000474,1967-10-22,474,1332.45,ach
R0000943,BILLING,John,Lane,john.lane476@hotmail.com,EM000476,2577754781,PH000476,AD000476,1971-01-01,476,1225.13,card
R0000947,BILLING,Vincent,Fegguson,vincent.ferguson477@yahoo.com,EM000477,2914283411,PH000477,AD000477,1997-10-27,477,1756.35,paypal
R0000949,BILLING,Tonya,Savage,tonya.savage479@yahoo.com,EM000479,+14887256394,PH000479,AD000479,1996-03-21,479,853.05,ach
R0000952,BILLING,Kathleen,Smith,kathleen.smith480@yahoo.com,EM000480,278-816-5803,PH000480,AD000480,1973-05-15,480,1542.77,ach
R0000955,BILLING,Cassandra,Roners,cassandra.rogers481@hotmail.com,EM000481,(928) 272-2992,PH000481,AD000481,1958-10-19,481,923.28,ach
R0000956,BILLING,Misty,Ramirez,misty.ramirez482@hotmail.com,EM000482,(750) 373-1453,PH000482,AD000482,2000-07-04,482,48.96,card
R0000958,BILLING,Mark,Wallace,mark.wallace483@hotmail.com,EM000483,(038) 567-7005,PH000483,AD000483,1999-03-16,483,32.78,ach
R0000959,BILLING,William,Anderson,william.anderson484@gmail.com,EM000484,+11844989266,PH000484,AD000484,1976-07-13,484,1659.56,paypal
R0000962,BILLING,Tammy,Kim,tammy.kim486@gmail.com,EM000486,5779082723,PH000486,AD000486,,486,616.02,card
R0000966,BILLING,Melissa,Finley,melissa.finley487@hotmail.com,EM000487,+11843222591,PH000487,AD000487,1991-05-18,487,561.06,ach
R0000967,BILLING,Brittany,Rodriguez,brittany.rodriguez488@gmail.com,EM000488,+13651777392,PH000488,AD000488,1989-06-30,488,1416.21,paypal
R0000971,BILLING,Timothy,Poole,timothy.poole489@yahoo.com,EM000489,(603) 029-9228,PH000489,AD000489,1977-02-17,489,446.67,card
R0000972,BILLING,Matthew,Gregory,matthew.gregory490@yahoo.com,EM000490,(092) 024-2869,PH000490,AD000490,1961-07-29,490,628.34,paypal
R0000976,BILLING,Tinc,Santos,tina.santos492@hotmail.com,EM000492,369-292-9842,PH000492,AD000492,1958-08-08,492,1985.96,ach
R0000977,BILLING,Darryl,Martinez,darryl.martinez493@hotmail.com,EM000493,+15799136621,PH000493,AD000493,1958-12-16,493,1412.59,ach
R0000980,BILLING,Cory,Brown,cory.brown494@hotmail.com,EM000494,+10388629127,PH000494,AD000494,1997-09-29,494,69.07,ach
R0000985,BILLING,Hector,Peters,hector.peters495@yahoo.com,EM000495,(990) 881-1729,PH000495,AD000495,1979-03-23,495,521.51,card
R0000988,BILLING,Rebecca,goss,rebecca.ross498@gmail.com,EM000498,3149864300,PH000498,AD000498,1976-03-22,498,982.93,ach
R0000991,BILLING,Anthony,Munoz,anthony.munoz499@gmail.com,EM000499,9818063565,PH000499,AD000499,1957-07-31,499,668.97,ach
R0000996,BILLING,Kirstef,Martinez,kirsten.martinez500@hotmail.com,EM000500,+11269448695,PH000500,AD000500,2000-11-18,500,1893.59,ach
R0000997,BILLING,Erica,Kramer,erica.kramer501@hotmail.com,EM000501,(946) 368-8725,PH000501,AD000501,1978-11-24,501,1590.01,paypal
R0001002,BILLING,Brian,Paul,brian.paul503@hotmail.com,EM000503,+13721386589,PH000503,AD000503,1953-04-26,503,1966.57,card
R0001006,BILLING,Christina,Murphy,christina.murphy506@yahoo.com,EM000506,8490277038,PH000506,AD000506,1983-08-09,506,1945.81,paypal
R0001008,BILLING,Donald,Burgess,donald.burgess508@gmail.com,EM000508,530-214-6566,PH000508,AD000508,1979-02-03,508,1379.35,card
R0001010,BILLING,Tracy,Simpson,tracy.simpson509@hotmail.com,EM000509,+19380118489,PH000509,AD000509,1966-07-13,509,1317.2,ach
R0001012,BILLING,Brett,Gallegos,brett.gallegos510@yahoo.com,EM000510,+15543937690,PH000510,AD000510,1958-04-06,510,1351.42,ach
R0001014,BILLING,Michelle,Gamble,michelle.gamble511@gmail.com,EM000511,426-818-1845,PH000511,AD000511,1951-08-21,511,290.1,ach
R0001019,BILLING,Luis,Williams,luis.williams513@gmail.com,EM000513,3577907141,PH000513,AD000513,1995-12-16,513,1503.13,card
R0001023,BILLING,Alexdnder,Arnold,alexander.arnold514@gmail.com,EM000514,633-565-8804,PH000514,AD000514,1994-12-19,514,1360.96,card
R0001024,BILLING,Lisa,Lee,lisa.lee515@yahoo.com,EM000515,3416518275,PH000515,AD000515,,515,1195.12,ach
R0001028,BILLING,Theresa,Jacobson,theresa.jacobson516@yahoo.com,EM000516,+15394237333,PH000516,AD000516,1997-08-25,516,759.93,ach
R0001029,BILLING,James,olsen,james.olsen517@yahoo.com,EM000517,+14333395211,PH000517,AD000517,1997-11-06,517,674.77,paypal
R0001031,BILLING,Aaan,Mcfarland,alan.mcfarland518@hotmail.com,EM000518,1790807595,PH000518,AD000518,1959-06-27,518,1004.15,ach
R0001033,BILLING,Joseph,Gibbs,joseph.gibbs519@hotmail.com,EM000519,7947284639,PH000519,AD000519,1970-07-03,519,662.83,card
R0001036,BILLING,Mark,Brown,mark.brown520@gmail.com,EM000520,2086780856,PH000520,AD000520,1964-04-24,520,328.87,card
R0001039,BILLING,Bonnie,Morton,bonnie.morton521@yahoo.com,EM000521,+12718750036,PH000521,AD000521,1983-10-25,521,1014.23,card
R0001042,BILLING,Derrick,Christensen,derrick.christensen523@gmail.com,EM000523,(479) 552-7636,PH000523,AD000523,1957-09-03,523,781.42,ach
R0001045,BILLING,Amy,Meycrs,amy.meyers524@hotmail.com,EM000524,5564729293,PH000524,AD000524,1987-06-06,524,253.91,paypal
R0001047,BILLING,Jeffrey,Huber,jeffrey.huber526@yahoo.com,EM000526,+10267288574,PH000526,AD000526,,526,640.98,ach
R0001053,BILLING,Lisa,Wilson,lisa.wilson528@yahoo.com,EM000528,+17175455884,PH000528,AD000528,1976-07-06,528,1710.76,ach
R0001055,BILLING,Robert,Crawford,robert.crawford529@hotmail.com,EM000529,5061593998,PH000529,AD000529,1982-09-08,529,125.87,paypal
R0001057,BILLING,Susan,Mccall,susan.mccall530@gmail.com,EM000530,(245) 587-7169,PH000530,AD000530,1975-09-24,530,1035.34,ach
R0001060,BILLING,Julia,Adkins,julia.adkins532@hotmail.com,EM000532,(125) 355-4496,PH000532,AD000532,1981-05-08,532,494.05,paypal
R0001061,BILLING,Angela,Gallegos,angela.gallegos533@hotmail.com,EM000533,+14759876220,PH000533,AD000533,1997-07-22,533,1136.38,paypal
R0001065,BILLING,Taylor,Edwards,taylor.edwards534@hotmail.com,EM000534,+12341326111,PH000534,AD000534,1964-11-09,534,1602.6,card
R0001068,BILLING,Christopher,Parker,christopher.parker536@yahoo.com,EM000536,+12164334722,PH000536,AD000536,1976-06-09,536,1207.32,ach
R0001069,BILLING,Thomas,Melton,thomas.melton537@gmail.com,EM000537,820-055-7784,PH000537,AD000537,1974-12-15,537,1611.42,ach
R0001078,BILLING,Dawn,Mccullough,dawn.mccullough542@yahoo.com,EM000542,(930) 853-6866,PH000542,AD000542,2000-11-17,542,810.2,card
R0001079,BILLING,Thomas,Ramirez,thomas.ramirez543@gmail.com,EM000543,3266341638,PH000543,AD000543,1982-08-26,543,1290.95,card
R0001082,BILLING,Jason,Lewis,jason.lewis544@gmail.com,EM000544,+19448463122,PH000544,AD000544,1956-09-22,544,337.08,paypal
R0001086,BILLING,Krista,Harper,krista.harper546@gmail.com,EM000546,0208021442,PH000546,AD000546,1999-08-03,546,184.54,card
R0001089,BILLING,Adam,Hayes,adam.hayes547@gmail.com,EM000547,7031207356,PH000547,AD000547,1989-09-09,547,1067.31,card
R0001093,BILLING,Sara,Ellis,sara.ellis549@yahoo.com,EM000549,618-723-4601,PH000549,AD000549,1956-07-14,549,84.55,ach
R0001096,BILLING,James,Harrison,james.harrison551@gmail.com,EM000551,+17645208814,PH000551,AD000551,1985-10-01,551,999.45,card
R0001098,BILLING,Lori,Greene,lori.greene552@yahoo.com,EM000552,743-503-1365,PH000552,AD000552,,552,871.08,paypal
R0001100,BILLING,Poter,Chandler,peter.chandler553@yahoo.com,EM000553,(024) 916-3009,PH000553,AD000553,1980-03-15,553,1425.78,ach
R0001104,BILLING,John,Hurst,john.hurst555@yahoo.com,EM000555,+15005281273,PH000555,AD000555,1990-12-27,555,1984.2,card
R0001106,BILLING,David,Thomas,david.thomas556@yahoo.com,EM000556,5857306524,PH000556,AD000556,1979-01-04,556,653.09,ach
R0001113,BILLING,Gabriel,Harris,gabriel.harris560@hotmail.com,EM000560,209-593-5186,PH000560,AD000560,1952-09-25,560,1345.22,card
R0001115,BILLING,Kimberly,Martinez,kimberly.martinez562@yahoo.com,EM000562,+11181022031,PH000562,AD000562,1957-06-10,562,1179.56,paypal
R0001117,BILLING,Ann,Moran,ann.moran563@hotmail.com,EM000563,+17310967899,PH000563,AD000563,1958-11-18,563,1982.63,card
R0001120,BILLING,Jennifer,Hill,jennifer.hill565@yahoo.com,EM000565,7058650948,PH000565,AD000565,1972-05-28,565,1246.12,paypal
R0001123,BILLING,Michelle,Ramsey,michelle.ramsey566@gmail.com,EM000566,(014) 138-1138,PH000566,AD000566,1997-04-01,566,792.69,card
R0001124,BILLING,Cheyenne,Burnett,cheyenne.burnett567@yahoo.com,EM000567,+16338392886,PH000567,AD000567,1966-10-21,567,1195.96,paypal
R0001131,BILLING,Sabrina,Cruz,sabrina.cruz570@yahoo.com,EM000570,+15665939836,PH000570,AD000570,1966-10-22,570,314.79,paypal
R0001133,BILLING,Allen,Murray,allen.murray571@yahoo.com,EM000571,+18457760049,PH000571,AD000571,1979-10-03,571,1613.93,card
R0001137,BILLING,Caitlyn,Gross,caitlyn.gross574@gmail.com,EM000574,522-459-3344,PH000574,AD000574,1995-10-05,574,1458.76,ach
R0001141,BILLING,Thomas,Cook,thomas.cook575@gmail.com,EM000575,+11969315727,PH000575,AD000575,1960-05-30,575,367.92,card
R0001142,BILLING,Kimberly,Garcia,kimberly.garcia576@hotmail.com,EM000576,9194096105,PH000576,AD000576,,576,280.68,paypal
R0001145,BILLING,Natalie,Shelton,natalie.shelton578@yahoo.com,EM000578,(805) 892-5832,PH000578,AD000578,1973-10-18,578,1473.09,paypal
R0001147,BILLING,Mary,Martinez,mary.martinez579@yahoo.com,EM000579,+10679981364,PH000579,AD000579,,579,665.21,ach
R0001150,BILLING,Shawn,Robinson,shawn.robinson580@hotmail.com,EM000580,622-517-9086,PH000580,AD000580,1960-12-26,580,789.63,card
R0001153,BILLING,Stephanie,Reeves,stephanie.reeves581@gmail.com,EM000581,416-862-2783,PH000581,AD000581,1977-08-06,581,1451.44,card
R0001156,BILLING,Tajmy,Garcia,tammy.garcia582@yahoo.com,EM000582,+17693898331,PH000582,AD000582,1970-09-02,582,1278.05,card
R0001159,BILLING,Steven,Gaines,steven.gaines584@gmail.com,EM000584,355-904-2597,PH000584,AD000584,1981-10-02,584,1889.88,paypal
R0001162,BILLING,Jacqueline,Black,jacqueline.black586@hotmail.com,EM000586,0392405147,PH000586,AD000586,1952-02-11,586,1546.93,paypal
R0001165,BILLING,Marissa,Wallace,marissa.wallace587@gmail.com,EM000587,+17053833884,PH000587,AD000587,1993-09-23,587,1724.01,card
R0001167,BILLING,Lauren,Marshall,lauren.marshall589@yahoo.com,EM000589,+12043940701,PH000589,AD000589,1999-08-22,589,77.88,card
R0001175,BILLING,Daniel,Villa,daniel.villa592@yahoo.com,EM000592,800-384-5762,PH000592,AD000592,1957-10-05,592,666.53,paypal
R0001177,BILLING,James,Patrick,james.patrick594@gmail.com,EM000594,+16084325621,PH000594,AD000594,1959-10-26,594,495.15,ach
R0001180,BILLING,Laurie,Gonzgles,laurie.gonzales595@hotmail.com,EM000595,(689) 363-9264,PH000595,AD000595,1977-01-02,595,475.82,ach
R0001183,BILLING,Jacqueline,Jones,jacqueline.jones596@gmail.com,EM000596,9578232983,PH000596,AD000596,,596,229.22,paypal
R0001187,BILLING,Dalton,Crawford,dalton.crawford598@gmail.com,EM000598,(881) 252-0566,PH000598,AD000598,,598,213.91,card
R0001190,BILLING,Julie,Beasley,julie.beasley600@hotmail.com,EM000600,(949) 993-9330,PH000600,AD000600,1991-09-07,600,504.22,ach
R0001193,BILLING,Raymond,Sondoval,raymond.sandoval601@hotmail.com,EM000601,(517) 289-7526,PH000601,AD000601,1967-01-20,601,1288.5,ach
R0001195,BILLING,Jpnny,French,jenny.french603@gmail.com,EM000603,(633) 312-7975,PH000603,AD000603,1954-07-02,603,1103.49,paypal
R0001198,BILLING,Sharon,Kent,sharon.kent605@yahoo.com,EM000605,(998) 808-1770,PH000605,AD000605,,605,1917.24,ach
R0001200,BILLING,Jennifer,Mack,jennifer.mack606@yahoo.com,EM000606,(388) 608-6803,PH000606,AD000606,1977-04-15,606,1130.43,ach
R0001203,BILLING,Benjamin,dill,benjamin.hill607@yahoo.com,EM000607,4764472649,PH000607,AD000607,1993-11-01,607,273.99,ach
R0001210,BILLING,Charhes,Simmons,charles.simmons611@yahoo.com,EM000611,518-689-2686,PH000611,AD000611,1952-03-04,611,854.21,ach
R0001211,BILLING,Daniel,Lewis,daniel.lewis612@yahoo.com,EM000612,025-922-2206,PH000612,AD000612,1972-01-02,612,1334.6,card
R0001216,BILLING,Chnistopher,Castro,christopher.castro614@gmail.com,EM000614,+14077780973,PH000614,AD000614,1971-10-17,614,423.57,card
R0001218,BILLING,David,Ortiz,david.ortiz615@hotmail.com,EM000615,+13977671990,PH000615,AD000615,2000-12-26,615,1065.7,paypal
R0001219,BILLING,Craig,Booth,craig.booth616@yahoo.com,EM000616,3849830220,PH000616,AD000616,1970-05-27,616,631.46,paypal
R0001222,BILLING,Matthew,Elliott,matthew.elliott619@hotmail.com,EM000619,795-014-5561,PH000619,AD000619,1970-01-09,619,252.85,card
R0001225,BILLING,Joshua,Gonzales,joshua.gonzales620@gmail.com,EM000620,(681) 472-1458,PH000620,AD000620,1975-08-01,620,1035.91,paypal
R0001227,BILLING,James,Mcmahon,james.mcmahon621@hotmail.com,EM000621,683-390-1981,PH000621,AD000621,1995-12-11,621,1381.77,paypal
R0001232,BILLING,Darren,Gomez,darren.gomez622@gmail.com,EM000622,794-695-4899,PH000622,AD000622,1998-06-02,622,1243.31,card
R0001233,BILLING,Laura,Stewart,laura.stewart623@hotmail.com,EM000623,529-978-7729,PH000623,AD000623,,623,97.71,paypal
R0001236,BILLING,Tyler,Anderson,tyler.anderson624@hotmail.com,EM000624,+13430107139,PH000624,AD000624,1968-05-03,624,98.0,ach
R0001238,BILLING,Robert,West,robert.west626@gmail.com,EM000626,(414) 488-5015,PH000626,AD000626,1978-04-08,626,920.05,ach
R0001242,BILLING,Jamie,Garrett,jamie.garrett628@hotmail.com,EM000628,702-727-8576,PH000628,AD000628,1977-05-08,628,283.0,ach
R0001244,BILLING,Michele,Perez,michele.perez629@gmail.com,EM000629,(084) 958-8039,PH000629,AD000629,1997-04-05,629,427.75,ach
R0001247,BILLING,John,Nelson,john.nelson630@gmail.com,EM000630,(551) 240-5682,PH000630,AD000630,1963-08-28,630,373.91,card
R0001250,BILLING,Marie,Villarreal,marie.villarreal631@yahoo.com,EM000631,+19962914504,PH000631,AD000631,1969-10-16,631,1663.51,card
R0001252,BILLING,Rebecca,Ferguson,rebecca.ferguson632@gmail.com,EM000632,(617) 357-4384,PH000632,AD000632,1993-04-20,632,1052.43,paypal
R0001257,BILLING,Joy,Flowers,joy.flowers634@gmail.com,EM000634,8235784521,PH000634,AD000634,1988-03-10,634,923.43,paypal
R0001262,BILLING,Tyler,Sims,tyler.sims636@hotmail.com,EM000636,0915701840,PH000636,AD000636,1986-01-16,636,115.89,ach
R0001265,BILLING,Gina,Lang,gina.lang637@hotmail.com,EM000637,(943) 533-4485,PH000637,AD000637,1950-10-26,637,1213.14,paypal
R0001268,BILLING,Courtney,Reilly,courtney.reilly639@yahoo.com,EM000639,813-858-5424,PH000639,AD000639,1957-05-26,639,790.99,ach
R0001271,BILLING,David,Boyd,david.boyd640@hotmail.com,EM000640,932-149-5870,PH000640,AD000640,1972-06-09,640,1880.62,card
R0001275,BILLING,Megan,Moses,megan.moses642@hotmail.com,EM000642,299-795-4538,PH000642,AD000642,,642,1055.62,ach
R0001276,BILLING,Michael,Coleman,michael.coleman643@hotmail.com,EM000643,+11792171747,PH000643,AD000643,1967-09-15,643,1473.32,paypal
R0001277,BILLING,Wesley,Smith,wesley.smith644@yahoo.com,EM000644,733-294-5625,PH000644,AD000644,1999-04-19,644,248.27,card
R0001278,BILLING,Sara,Osborn,sara.osborn645@hotmail.com,EM000645,577-017-1577,PH000645,AD000645,1993-10-25,645,129.68,ach
R0001282,BILLING,Jennifer,Edwards,jennifer.edwards646@hotmail.com,EM000646,245-992-8161,PH000646,AD000646,1968-07-31,646,732.36,ach
R0001287,BILLING,Ashlee,Ford,ashlee.ford648@gmail.com,EM000648,938-276-1539,PH000648,AD000648,1994-02-22,648,1123.32,paypal
R0001291,BILLING,Smerri,Hancock,sherri.hancock649@hotmail.com,EM000649,+16695832197,PH000649,AD000649,1962-06-28,649,1353.11,ach
R0001292,BILLING,Tiffany,Green,tiffany.green650@yahoo.com,EM000650,1997581724,PH000650,AD000650,1974-01-16,650,433.26,paypal
R0001295,BILLING,Debbie,Fleming,debbie.fleming651@yahoo.com,EM000651,(619) 196-5701,PH000651,AD000651,1993-05-20,651,543.8,card
R0001298,BILLING,Frakcisco,Payne,francisco.payne653@gmail.com,EM000653,(997) 335-4946,PH000653,AD000653,1966-05-19,653,50.97,card
R0001302,BILLING,David,Cook,david.cook655@gmail.com,EM000655,5800851403,PH000655,AD000655,1955-11-27,655,1428.63,ach
R0001306,BILLING,Tgra,Johnson,tara.johnson658@hotmail.com,EM000658,+12201027621,PH000658,AD000658,1970-12-25,658,1874.48,ach
R0001310,BILLING,Linda,Reed,linda.reed660@hotmail.com,EM000660,876-532-6909,PH000660,AD000660,1996-01-16,660,1090.38,ach
R0001317,BILLING,Amy,White,amy.white663@yahoo.com,EM000663,(781) 891-3718,PH000663,AD000663,1973-12-09,663,1568.79,paypal
R0001318,BILLING,Teresa,Barker,teresa.barker664@gmail.com,EM000664,(949) 058-0778,PH000664,AD000664,2000-12-22,664,1696.15,card
R0001324,BILLING,Carol,Daugherty,carol.daugherty667@yahoo.com,EM000667,9047128144,PH000667,AD000667,1982-10-20,667,300.68,card
R0001328,BILLING,Sarah,Smith,sarah.smith668@yahoo.com,EM000668,294-440-1929,PH000668,AD000668,2001-05-03,668,1683.53,ach
R0001330,BILLING,Traci,Wood,traci.wood669@yahoo.com,EM000669,275-243-7280,PH000669,AD000669,1959-05-26,669,915.77,card
R0001337,BILLING,Sandra,Thompson,sandra.thompson672@yahoo.com,EM000672,674-783-6674,PH000672,AD000672,1952-05-30,672,1735.58,ach
R0001340,BILLING,Nicole,Valdez,nicole.valdez674@hotmail.com,EM000674,(185) 694-5441,PH000674,AD000674,1996-12-16,674,392.21,ach
R0001344,BILLING,Nicole,Medina,nicole.medina676@hotmail.com,EM000676,5800106181,PH000676,AD000676,1968-04-19,676,1178.25,paypal
R0001345,BILLING,Katherine,Riley,katherine.riley677@gmail.com,EM000677,+17534430091,PH000677,AD000677,1983-11-21,677,212.42,paypal
R0001346,BILLING,Karen,Sherman,karen.sherman678@yahoo.com,EM000678,093-911-1926,PH000678,AD000678,1999-01-04,678,772.56,paypal
R0001351,BILLING,Michael,Romero,michael.romero680@hotmail.com,EM000680,+16542140665,PH000680,AD000680,1954-11-04,680,404.59,card
R0001353,BILLING,Matthew,Parker,matthew.parker681@gmail.com,EM000681,0442717396,PH000681,AD000681,,681,1241.54,card
R0001355,BILLING,James,Beck,james.beck682@yahoo.com,EM000682,2712863917,PH000682,AD000682,2000-10-02,682,1183.47,ach
R0001358,BILLING,Ian,Mayer,ian.mayer683@gmail.com,EM000683,4101194707,PH000683,AD000683,1985-12-30,683,1012.88,ach
R0001359,BILLING,Kevin,Clark,kevin.clark684@gmail.com,EM000684,(200) 642-5690,PH000684,AD000684,1951-02-02,684,1966.31,paypal
R0001362,BILLING,Bonnie,Callahan,bonnie.callahan685@gmail.com,EM000685,877-661-8306,PH000685,AD000685,1994-05-07,685,664.59,card
R0001366,BILLING,Kevin,Schaefer,kevin.schaefer687@yahoo.com,EM000687,(585) 174-3280,PH000687,AD000687,1989-04-17,687,1363.99,ach
R0001367,BILLING,Emily,Morris,emily.morris688@gmail.com,EM000688,6346157173,PH000688,AD000688,1971-04-11,688,999.17,paypal
R0001369,BILLING,Matthew,Gomez,matthew.gomez689@hotmail.com,EM000689,(203) 093-7618,PH000689,AD000689,1964-03-13,689,335.42,ach
R0001374,BILLING,Jason,Moran,jason.moran690@yahoo.com,EM000690,4787005050,PH000690,AD000690,1990-10-14,690,353.88,card
R0001375,BILLING,Terry,Maddox,terry.maddox691@gmail.com,EM000691,+16138782931,PH000691,AD000691,1955-06-22,691,531.26,card
R0001378,BILLING,Mark,Rowe,mark.rowe692@yahoo.com,EM000692,0270790320,PH000692,AD000692,1959-12-30,692,914.33,card
R0001380,BILLING,Kelsey,Jones,kelsey.jones693@hotmail.com,EM000693,(204) 179-2911,PH000693,AD000693,1983-07-14,693,1229.62,paypal
R0001384,BILLING,Sandra,Bishop,sandra.bishop695@gmail.com,EM000695,+15198253092,PH000695,AD000695,1989-07-31,695,926.05,paypal
R0001387,BILLING,Desifee,Gonzalez,desiree.gonzalez697@hotmail.com,EM000697,7390219620,PH000697,AD000697,1971-11-23,697,662.22,paypal
R0001388,BILLING,Sarah,Barrett,sarah.barrett698@gmail.com,EM000698,(710) 021-9467,PH000698,AD000698,1963-12-15,698,1159.16,paypal
R0001393,BILLING,Tracie,Marsh,tracie.marsh700@yahoo.com,EM000700,+10927914560,PH000700,AD000700,1970-11-24,700,121.76,card
R0001396,BILLING,Leah,Cline,leah.cline702@hotmail.com,EM000702,373-403-1277,PH000702,AD000702,1992-12-27,702,1853.72,paypal
R0001400,BILLING,Nathaniel,Skinner,nathaniel.skinner703@hotmail.com,EM000703,220-054-3645,PH000703,AD000703,1956-09-14,703,1400.8,ach
R0001401,BILLING,Robert,Jones,robert.jones704@yahoo.com,EM000704,970-108-2207,PH000704,AD000704,2001-05-21,704,231.87,ach
R0001404,BILLING,Mariah,Duncan,mariah.duncan705@gmail.com,EM000705,(811) 379-9563,PH000705,AD000705,1967-06-30,705,587.22,card
R0001407,BILLING,Jace,Hopkins,jack.hopkins706@yahoo.com,EM000706,+15315313636,PH000706,AD000706,1963-11-26,706,1152.86,ach
R0001410,BILLING,Victoria,Chavez,victoria.chavez708@yahoo.com,EM000708,+17265273543,PH000708,AD000708,1979-06-18,708,34.18,card
R0001411,BILLING,Dawn,Oconnell,dawn.oconnell709@gmail.com,EM000709,520-904-2177,PH000709,AD000709,1962-11-11,709,1099.39,paypal
R0001412,BILLING,Raymond,eugh,raymond.pugh710@hotmail.com,EM000710,(625) 349-2929,PH000710,AD000710,,710,1980.2,card
R0001416,BILLING,Marc,Griffith,marc.griffith712@yahoo.com,EM000712,(406) 335-6939,PH000712,AD000712,1977-01-22,712,443.67,paypal
R0001418,BILLING,Kristie,Lucas,kristie.lucas713@yahoo.com,EM000713,290-600-7806,PH000713,AD000713,1972-09-20,713,696.06,ach
R0001420,BILLING,Alex,Wilson,alex.wilson714@yahoo.com,EM000714,8671773180,PH000714,AD000714,1953-03-23,714,1538.31,paypal
R0001423,BILLING,Jessica,Conway,jessica.conway716@hotmail.com,EM000716,+12799077262,PH000716,AD000716,,716,1439.59,ach
R0001425,BILLING,Ann,Monroe,ann.monroe717@yahoo.com,EM000717,5701658046,PH000717,AD000717,1980-05-24,717,1625.99,ach
R0001430,BILLING,Joy,Mullins,joy.mullins720@gmail.com,EM000720,+12818325381,PH000720,AD000720,1998-07-29,720,297.83,ach
R0001433,BILLING,Todd,dogers,todd.rogers721@yahoo.com,EM000721,+17933554864,PH000721,AD000721,1956-08-06,721,1177.03,paypal
R0001435,BILLING,Jennifer,Melendez,jennifer.melendez722@hotmail.com,EM000722,+10155778817,PH000722,AD000722,1967-03-03,722,1415.46,ach
R0001438,BILLING,Mary,Perry,mary.perry724@hotmail.com,EM000724,162-411-2412,PH000724,AD000724,1975-03-30,724,585.23,ach
R0001440,BILLING,Rachel,Giles,rachel.giles725@yahoo.com,EM000725,(723) 804-6827,PH000725,AD000725,1988-02-21,725,366.03,paypal
R0001448,BILLING,Nathaniel,Jackson,nathaniel.jackson731@hotmail.com,EM000731,(274) 523-8055,PH000731,AD000731,1965-04-18,731,1766.88,paypal
R0001454,BILLING,Sherry,Barnett,sherry.barnett734@gmail.com,EM000734,7492975170,PH000734,AD000734,1998-03-22,734,1340.55,ach
R0001457,BILLING,Amanda,Long,amanda.long735@hotmail.com,EM000735,(281) 406-9375,PH000735,AD000735,1983-11-12,735,1381.86,paypal
R0001458,BILLING,Damon,Hoffman,damon.hoffman736@hotmail.com,EM000736,1509398343,PH000736,AD000736,1952-05-04,736,1595.73,paypal
R0001460,BILLING,Brandon,Turner,brandon.turner737@gmail.com,EM000737,0187186375,PH000737,AD000737,1964-04-16,737,1223.61,card
R0001464,BILLING,Samantha,Morales,samantha.morales739@gmail.com,EM000739,(504) 554-7813,PH000739,AD000739,1951-02-18,739,517.06,ach
R0001471,BILLING,Nathan,Rodgers,nathan.rodgers743@yahoo.com,EM000743,(326) 487-0494,PH000743,AD000743,1974-04-06,743,1300.57,card
R0001474,BILLING,Steven,Valenzuela,steven.valenzuela744@gmail.com,EM000744,787-300-2447,PH000744,AD000744,1961-05-26,744,193.8,card
R0001475,BILLING,Douglas,Brandt,douglas.brandt745@gmail.com,EM000745,146-273-0147,PH000745,AD000745,1997-01-01,745,1838.23,paypal
R0001478,BILLING,Jesus,James,jesus.james746@hotmail.com,EM000746,+11959796471,PH000746,AD000746,1992-05-10,746,1319.81,card
R0001480,BILLING,Paul,cent,paul.kent747@gmail.com,EM000747,5890429025,PH000747,AD000747,1967-12-10,747,844.96,paypal
R0001487,BILLING,Patrick,Holmes,patrick.holmes751@gmail.com,EM000751,202-845-7652,PH000751,AD000751,1971-12-15,751,1730.36,ach
R0001491,BILLING,Julia,Rubio,julia.rubio753@yahoo.com,EM000753,816-711-2075,PH000753,AD000753,1961-07-18,753,694.05,card
R0001495,BILLING,Hailey,Meyers,hailey.meyers755@yahoo.com,EM000755,132-234-2321,PH000755,AD000755,1960-08-10,755,199.83,ach
R0001496,BILLING,Daniel,Donovan,daniel.donovan756@hotmail.com,EM000756,611-076-0310,PH000756,AD000756,,756,949.17,paypal
R0001499,BILLING,Melissa,Lee,melissa.lee757@yahoo.com,EM000757,8907140140,PH000757,AD000757,1973-02-02,757,1705.48,paypal
R0001503,BILLING,Michael,Hunt,michael.hunt759@yahoo.com,EM000759,(249) 552-8938,PH000759,AD000759,1958-02-28,759,1006.93,ach
R0001505,BILLING,Andrew,Anderson,andrew.anderson760@gmail.com,EM000760,+19119083342,PH000760,AD000760,1955-03-24,760,1739.74,card
R0001510,BILLING,Eric,Sims,eric.sims761@yahoo.com,EM000761,+18013875927,PH000761,AD000761,1999-03-24,761,1693.59,paypal
R0001514,BILLING,Jose,Humphrly,jose.humphrey763@hotmail.com,EM000763,+15171827548,PH000763,AD000763,1970-08-18,763,557.71,ach
R0001516,BILLING,Carolyn,Hunter,carolyn.hunter764@yahoo.com,EM000764,(015) 716-4794,PH000764,AD000764,1954-09-16,764,1283.57,paypal
R0001521,BILLING,Troy,Orr,troy.orr765@gmail.com,EM000765,7386463175,PH000765,AD000765,1970-11-13,765,1972.99,paypal
R0001522,BILLING,Kathryn,Edwards,kathryn.edwards766@hotmail.com,EM000766,+12071678112,PH000766,AD000766,1960-02-08,766,452.77,ach
R0001528,BILLING,pllen,Kennedy,allen.kennedy768@yahoo.com,EM000768,961-367-4994,PH000768,AD000768,1954-12-27,768,1095.48,ach
R0001529,BILLING,Stephanie,Mccarthy,stephanie.mccarthy769@hotmail.com,EM000769,6579678427,PH000769,AD000769,1973-08-25,769,470.46,paypal
R0001530,BILLING,Jenny,Roman,jenny.roman770@gmail.com,EM000770,114-773-2010,PH000770,AD000770,1972-12-18,770,552.73,paypal
R0001534,BILLING,nindy,Miller,cindy.miller772@yahoo.com,EM000772,+19118773477,PH000772,AD000772,1992-09-02,772,779.87,ach
R0001537,BILLING,Timothy,Thomas,timothy.thomas773@yahoo.com,EM000773,848-588-0061,PH000773,AD000773,1951-03-07,773,839.38,card
R0001540,BILLING,Kenneth,larris,kenneth.harris774@yahoo.com,EM000774,6756770028,PH000774,AD000774,1969-01-19,774,857.51,ach
R0001546,BILLING,Cristina,Lucas,cristina.lucas776@yahoo.com,EM000776,7889778280,PH000776,AD000776,1960-10-01,776,193.14,paypal
R0001549,BILLING,Curtis,Martin,curtis.martin777@hotmail.com,EM000777,647-969-5450,PH000777,AD000777,1977-05-20,777,1826.83,ach
R0001551,BILLING,Heather,Keleey,heather.kelley778@gmail.com,EM000778,0902559056,PH000778,AD000778,,778,1155.96,card
R0001554,BILLING,James,Johnson,james.johnson780@gmail.com,EM000780,(491) 141-5208,PH000780,AD000780,1991-10-14,780,940.01,card
R0001556,BILLING,Jonathcn,Gonzalez,jonathan.gonzalez781@yahoo.com,EM000781,(507) 698-6407,PH000781,AD000781,1997-05-16,781,1848.39,ach
R0001560,BILLING,Stephen,Myers,stephen.myers783@gmail.com,EM000783,135-785-2945,PH000783,AD000783,,783,924.75,ach
R0001561,BILLING,Ashley,Moore,ashley.moore784@gmail.com,EM000784,6371834404,PH000784,AD000784,2001-01-30,784,173.25,paypal
R0001564,BILLING,Stephanie,Mcguire,stephanie.mcguire785@yahoo.com,EM000785,+19639191954,PH000785,AD000785,1977-06-27,785,1672.66,card
R0001567,BILLING,Hannah,Patrick,hannah.patrick787@hotmail.com,EM000787,468-536-6498,PH000787,AD000787,1987-06-30,787,1567.34,paypal
R0001571,BILLING,Frank,Hopkins,frank.hopkins788@yahoo.com,EM000788,+17820829737,PH000788,AD000788,1978-03-10,788,1094.32,card
R0001573,BILLING,Michael,Reynolds,michael.reynolds789@hotmail.com,EM000789,489-690-8357,PH000789,AD000789,1997-08-10,789,100.24,ach
R0001575,BILLING,Randy,Colon,randy.colon790@gmail.com,EM000790,232-466-5136,PH000790,AD000790,1983-09-22,790,214.28,ach
R0001577,BILLING,Daryl,Dennis,daryl.dennis791@yahoo.com,EM000791,442-493-6312,PH000791,AD000791,1957-10-09,791,1610.88,paypal
R0001580,BILLING,Tyler,Moon,tyler.moon792@hotmail.com,EM000792,(303) 477-8660,PH000792,AD000792,1995-06-16,792,364.48,ach
R0001581,BILLING,Richard,Wolfe,richard.wolfe793@yahoo.com,EM000793,(324) 204-4820,PH000793,AD000793,1976-07-20,793,101.55,ach
R0001585,BILLING,Karen,Carrillo,karen.carrillo794@yahoo.com,EM000794,700-159-4165,PH000794,AD000794,2001-05-29,794,732.31,card
R0001589,BILLING,Sean,Shaw,sean.shaw796@yahoo.com,EM000796,(847) 139-1559,PH000796,AD000796,1957-11-24,796,487.26,ach
R0001591,BILLING,Gloria,Schmitt,gloria.schmitt797@gmail.com,EM000797,636-321-2347,PH000797,AD000797,1990-02-23,797,1648.5,card
R0001594,BILLING,Megan,Perez,megan.perez798@yahoo.com,EM000798,+16490785158,PH000798,AD000798,1975-07-01,798,1723.78,card
R0001596,BILLING,Cynthia,Rodriguez,cynthia.rodriguez799@yahoo.com,EM000799,(673) 425-7540,PH000799,AD000799,,799,986.46,ach
