email_id,email_address,domain
EM000000,danielle.johnson0@yahoo.com,yahoo.com
EM000001,jennifer.miles1@yahoo.com,yahoo.com
EM000002,michael.cooper2@yahoo.com,yahoo.com
EM000003,kendra.galloway3@gmail.com,gmail.com
EM000004,amanda.sanchez4@yahoo.com,yahoo.com
EM000005,victor.wilkerson5@hotmail.com,hotmail.com
EM000006,courtney.conner6@yahoo.com,yahoo.com
EM000007,matthew.carter7@gmail.com,gmail.com
EM000008,john.allen8@hotmail.com,hotmail.com
EM000009,hannah.marquez9@yahoo.com,yahoo.com
EM000010,chad.young10@hotmail.com,hotmail.com
EM000011,emily.joyce11@gmail.com,gmail.com
EM000012,lindsey.chase12@gmail.com,gmail.com
EM000013,nicholas.galloway13@yahoo.com,yahoo.com
EM000014,christopher.lopez14@hotmail.com,hotmail.com
EM000015,james.moran15@gmail.com,gmail.com
EM000016,mike.moore16@hotmail.com,hotmail.com
EM000017,james.walters17@yahoo.com,yahoo.com
EM000018,amy.davenport18@hotmail.com,hotmail.com
EM000019,terri.brady19@gmail.com,gmail.com
EM000020,michael.hoover20@gmail.com,gmail.com
EM000021,natalie.green21@hotmail.com,hotmail.com
EM000022,gloria.bentley22@hotmail.com,hotmail.com
EM000023,kenneth.martinez23@yahoo.com,yahoo.com
EM000024,emma.dixon24@hotmail.com,hotmail.com
EM000025,andrew.sanchez25@yahoo.com,yahoo.com
EM000026,gregory.rubio26@hotmail.com,hotmail.com
EM000027,michelle.cole27@gmail.com,gmail.com
EM000028,jason.perry28@yahoo.com,yahoo.com
EM000029,amy.morrison29@gmail.com,gmail.com
EM000030,derek.murray30@gmail.com,gmail.com
EM000031,debra.harrington31@hotmail.com,hotmail.com
EM000032,gary.lawson32@hotmail.com,hotmail.com
EM000033,curtis.barton33@hotmail.com,hotmail.com
EM000034,ryan.cox34@yahoo.com,yahoo.com
EM000035,nicole.sanchez35@yahoo.com,yahoo.com
EM000036,jennifer.freeman36@gmail.com,gmail.com
EM000037,mark.warner37@yahoo.com,yahoo.com
EM000038,marissa.phillips38@yahoo.com,yahoo.com
EM000039,curtis.smith39@yahoo.com,yahoo.com
EM000040,stacy.miller40@gmail.com,gmail.com
EM000041,kevin.oliver41@hotmail.com,hotmail.com
EM000042,keith.campbell42@yahoo.com,yahoo.com
EM000043,brian.sparks43@hotmail.com,hotmail.com
EM000044,suzanne.huff44@hotmail.com,hotmail.com
EM000045,lisa.costa45@yahoo.com,yahoo.com
EM000046,michelle.bryan46@gmail.com,gmail.com
EM000047,anthony.mccoy47@gmail.com,gmail.com
EM000048,william.hill48@yahoo.com,yahoo.com
EM000049,michelle.griffin49@yahoo.com,yahoo.com
EM000050,vanessa.sparks50@hotmail.com,hotmail.com
EM000051,robert.pena51@gmail.com,gmail.com
EM000052,christina.young52@hotmail.com,hotmail.com
EM000053,ashlee.sparks53@gmail.com,gmail.com
EM000054,erica.moore54@yahoo.com,yahoo.com
EM000055,andrew.greer55@yahoo.com,yahoo.com
EM000056,kyle.alexander56@hotmail.com,hotmail.com
EM000057,julie.morgan57@gmail.com,gmail.com
EM000058,shelby.rodriguez58@gmail.com,gmail.com
EM000059,paige.taylor59@yahoo.com,yahoo.com
EM000060,stephanie.foley60@gmail.com,gmail.com
EM000061,casey.hubbard61@gmail.com,gmail.com
EM000062,alexis.tyler62@gmail.com,gmail.com
EM000063,kevin.schneider63@gmail.com,gmail.com
EM000064,cynthia.kelley64@yahoo.com,yahoo.com
EM000065,robert.davis65@yahoo.com,yahoo.com
EM000066,anna.santiago66@yahoo.com,yahoo.com
EM000067,jeremy.patterson67@hotmail.com,hotmail.com
EM000068,diane.jones68@hotmail.com,hotmail.com
EM000069,eric.webster69@gmail.com,gmail.com
EM000070,tommy.estrada70@gmail.com,gmail.com
EM000071,tyler.jordan71@gmail.com,gmail.com
EM000072,danielle.roberts72@yahoo.com,yahoo.com
EM000073,monica.reese73@gmail.com,gmail.com
EM000074,charles.bean74@hotmail.com,hotmail.com
EM000075,brian.romero75@yahoo.com,yahoo.com
EM000076,shannon.pacheco76@hotmail.com,hotmail.com
EM000077,benjamin.zimmerman77@yahoo.com,yahoo.com
EM000078,justin.cummings78@hotmail.com,hotmail.com
EM000079,dawn.murphy79@gmail.com,gmail.com
EM000080,zoe.moore80@yahoo.com,yahoo.com
EM000081,kellie.lamb81@gmail.com,gmail.com
EM000082,erika.hudson82@yahoo.com,yahoo.com
EM000083,justin.hines83@yahoo.com,yahoo.com
EM000084,lucas.garcia84@hotmail.com,hotmail.com
EM000085,daniel.roberts85@yahoo.com,yahoo.com
EM000086,ruben.mendez86@gmail.com,gmail.com
EM000087,courtney.ingram87@hotmail.com,hotmail.com
EM000088,sarah.robertson88@hotmail.com,hotmail.com
EM000089,heather.richardson89@hotmail.com,hotmail.com
EM000090,jessica.buck90@hotmail.com,hotmail.com
EM000091,antonio.hernandez91@yahoo.com,yahoo.com
EM000092,jose.green92@yahoo.com,yahoo.com
EM000093,elizabeth.mckinney93@hotmail.com,hotmail.com
EM000094,cheryl.miller94@yahoo.com,yahoo.com
EM000095,briana.saunders95@gmail.com,gmail.com
EM000096,joshua.weber96@hotmail.com,hotmail.com
EM000097,brandon.may97@hotmail.com,hotmail.com
EM000098,scott.washington98@gmail.com,gmail.com
EM000099,donald.williams99@yahoo.com,yahoo.com
EM000100,brandy.williams100@yahoo.com,yahoo.com
EM000101,michael.roberts101@yahoo.com,yahoo.com
EM000102,vincent.williams102@gmail.com,gmail.com
EM000103,tracy.hart103@yahoo.com,yahoo.com
EM000104,brett.castillo104@hotmail.com,hotmail.com
EM000105,jared.nguyen105@hotmail.com,hotmail.com
EM000106,kellie.bush106@hotmail.com,hotmail.com
EM000107,jonathan.mendoza107@gmail.com,gmail.com
EM000108,adam.pierce108@gmail.com,gmail.com
EM000109,kristin.lopez109@hotmail.com,hotmail.com
EM000110,stephen.scott110@gmail.com,gmail.com
EM000111,elizabeth.lopez111@gmail.com,gmail.com
EM000112,steven.moore112@hotmail.com,hotmail.com
EM000113,laurie.petersen113@gmail.com,gmail.com
EM000114,edward.murphy114@hotmail.com,hotmail.com
EM000115,jonathan.smith115@gmail.com,gmail.com
EM000116,debbie.fisher116@yahoo.com,yahoo.com
EM000117,amy.patel117@gmail.com,gmail.com
EM000118,craig.johnson118@hotmail.com,hotmail.com
EM000119,luis.harper119@hotmail.com,hotmail.com
EM000120,heather.russell120@yahoo.com,yahoo.com
EM000121,christian.cole121@yahoo.com,yahoo.com
EM000122,jay.clark122@yahoo.com,yahoo.com
EM000123,corey.zavala123@yahoo.com,yahoo.com
EM000124,ashley.sanchez124@hotmail.com,hotmail.com
EM000125,derrick.mccoy125@gmail.com,gmail.com
EM000126,joshua.madden126@gmail.com,gmail.com
EM000127,jeremiah.sutton127@gmail.com,gmail.com
EM000128,ariel.hodge128@gmail.com,gmail.com
EM000129,douglas.hoover129@yahoo.com,yahoo.com
EM000130,christian.mcgee130@yahoo.com,yahoo.com
EM000131,angela.bennett131@gmail.com,gmail.com
EM000132,curtis.miller132@yahoo.com,yahoo.com
EM000133,rachel.stein133@gmail.com,gmail.com
EM000134,todd.jones134@yahoo.com,yahoo.com
EM000135,linda.rivera135@yahoo.com,yahoo.com
EM000136,travis.johnston136@gmail.com,gmail.com
EM000137,lori.flynn137@yahoo.com,yahoo.com
EM000138,danielle.miller138@gmail.com,gmail.com
EM000139,hannah.hernandez139@gmail.com,gmail.com
EM000140,bradley.page140@gmail.com,gmail.com
EM000141,jo.ware141@yahoo.com,yahoo.com
EM000142,candice.carr142@hotmail.com,hotmail.com
EM000143,isaac.steele143@hotmail.com,hotmail.com
EM000144,brian.howard144@gmail.com,gmail.com
EM000145,amanda.jackson145@yahoo.com,yahoo.com
EM000146,kenneth.kidd146@yahoo.com,yahoo.com
EM000147,michael.campbell147@hotmail.com,hotmail.com
EM000148,jacqueline.anderson148@gmail.com,gmail.com
EM000149,misty.boone149@gmail.com,gmail.com
EM000150,kristina.shannon150@gmail.com,gmail.com
EM000151,erik.cantu151@yahoo.com,yahoo.com
EM000152,karina.patterson152@gmail.com,gmail.com
EM000153,david.jones153@yahoo.com,yahoo.com
EM000154,casey.elliott154@hotmail.com,hotmail.com
EM000155,sylvia.edwards155@gmail.com,gmail.com
EM000156,william.adkins156@yahoo.com,yahoo.com
EM000157,michael.vega157@yahoo.com,yahoo.com
EM000158,jacqueline.miller158@hotmail.com,hotmail.com
EM000159,jessica.mathis159@gmail.com,gmail.com
EM000160,frank.benton160@hotmail.com,hotmail.com
EM000161,garrett.moore161@gmail.com,gmail.com
EM000162,linda.klein162@hotmail.com,hotmail.com
EM000163,mark.tran163@gmail.com,gmail.com
EM000164,natalie.tapia164@gmail.com,gmail.com
EM000165,terri.miller165@gmail.com,gmail.com
EM000166,marie.nguyen166@yahoo.com,yahoo.com
EM000167,joseph.wilson167@gmail.com,gmail.com
EM000168,angela.pierce168@gmail.com,gmail.com
EM000169,rachel.ramos169@gmail.com,gmail.com
EM000170,michael.odonnell170@yahoo.com,yahoo.com
EM000171,john.mcknight171@hotmail.com,hotmail.com
EM000172,jeffery.huang172@yahoo.com,yahoo.com
EM000173,kathryn.gould173@hotmail.com,hotmail.com
EM000174,kyle.henry174@gmail.com,gmail.com
EM000175,brian.hernandez175@hotmail.com,hotmail.com
EM000176,debra.thompson176@hotmail.com,hotmail.com
EM000177,sharon.taylor177@hotmail.com,hotmail.com
EM000178,aaron.cruz178@hotmail.com,hotmail.com
EM000179,george.bennett179@hotmail.com,hotmail.com
EM000180,mark.mccann180@yahoo.com,yahoo.com
EM000181,jamie.little181@gmail.com,gmail.com
EM000182,jeremy.adams182@gmail.com,gmail.com
EM000183,tammy.mcdaniel183@yahoo.com,yahoo.com
EM000184,brad.miller184@hotmail.com,hotmail.com
EM000185,robert.hernandez185@hotmail.com,hotmail.com
EM000186,richard.montgomery186@hotmail.com,hotmail.com
EM000187,kevin.manning187@yahoo.com,yahoo.com
EM000188,richard.deleon188@hotmail.com,hotmail.com
EM000189,cynthia.martinez189@gmail.com,gmail.com
EM000190,justin.hughes190@gmail.com,gmail.com
EM000191,johnny.trujillo191@yahoo.com,yahoo.com
EM000192,timothy.rogers192@yahoo.com,yahoo.com
EM000193,paul.johnson193@hotmail.com,hotmail.com
EM000194,jessica.hansen194@gmail.com,gmail.com
EM000195,brandy.blackburn195@gmail.com,gmail.com
EM000196,henry.miller196@yahoo.com,yahoo.com
EM000197,christina.schultz197@yahoo.com,yahoo.com
EM000198,david.reyes198@hotmail.com,hotmail.com
EM000199,jeremy.acosta199@gmail.com,gmail.com
EM000200,brandon.vang200@hotmail.com,hotmail.com
EM000201,crystal.turner201@hotmail.com,hotmail.com
EM000202,james.baker202@hotmail.com,hotmail.com
EM000203,rebecca.conley203@hotmail.com,hotmail.com
EM000204,larry.rodgers204@gmail.com,gmail.com
EM000205,suzanne.nelson205@yahoo.com,yahoo.com
EM000206,teresa.anderson206@yahoo.com,yahoo.com
EM000207,jackie.davis207@hotmail.com,hotmail.com
EM000208,malik.rivera208@yahoo.com,yahoo.com
EM000209,sergio.wilson209@yahoo.com,yahoo.com
EM000210,stephen.peterson210@gmail.com,gmail.com
EM000211,maria.brandt211@yahoo.com,yahoo.com
EM000212,stephen.harrington212@hotmail.com,hotmail.com
EM000213,heather.thompson213@gmail.com,gmail.com
EM000214,linda.taylor214@hotmail.com,hotmail.com
EM000215,ashley.contreras215@yahoo.com,yahoo.com
EM000216,kristen.harris216@hotmail.com,hotmail.com
EM000217,sara.hughes217@hotmail.com,hotmail.com
EM000218,gregory.fleming218@gmail.com,gmail.com
EM000219,mark.mckinney219@gmail.com,gmail.com
EM000220,abigail.hartman220@gmail.com,gmail.com
EM000221,alan.caldwell221@yahoo.com,yahoo.com
EM000222,jennifer.johnson222@hotmail.com,hotmail.com
EM000223,cameron.santiago223@gmail.com,gmail.com
EM000224,rhonda.russell224@yahoo.com,yahoo.com
EM000225,catherine.campbell225@yahoo.com,yahoo.com
EM000226,ashley.long226@hotmail.com,hotmail.com
EM000227,melissa.randolph227@hotmail.com,hotmail.com
EM000228,todd.murphy228@hotmail.com,hotmail.com
EM000229,dennis.quinn229@yahoo.com,yahoo.com
EM000230,charles.smith230@hotmail.com,hotmail.com
EM000231,michael.walker231@hotmail.com,hotmail.com
EM000232,monica.thomas232@hotmail.com,hotmail.com
EM000233,tina.nguyen233@hotmail.com,hotmail.com
EM000234,lisa.reed234@yahoo.com,yahoo.com
EM000235,jennifer.wilson235@gmail.com,gmail.com
EM000236,benjamin.armstrong236@gmail.com,gmail.com
EM000237,michelle.jackson237@yahoo.com,yahoo.com
EM000238,paul.rodriguez238@gmail.com,gmail.com
EM000239,nancy.wolfe239@yahoo.com,yahoo.com
EM000240,ricky.lopez240@hotmail.com,hotmail.com
EM000241,brenda.green241@hotmail.com,hotmail.com
EM000242,raymond.taylor242@hotmail.com,hotmail.com
EM000243,adam.davis243@gmail.com,gmail.com
EM000244,troy.smith244@hotmail.com,hotmail.com
EM000245,brenda.holmes245@hotmail.com,hotmail.com
EM000246,adam.thompson246@hotmail.com,hotmail.com
EM000247,tammy.hart247@gmail.com,gmail.com
EM000248,justin.ross248@hotmail.com,hotmail.com
EM000249,james.wright249@hotmail.com,hotmail.com
EM000250,ian.duran250@hotmail.com,hotmail.com
EM000251,leslie.smith251@hotmail.com,hotmail.com
EM000252,ivan.coleman252@yahoo.com,yahoo.com
EM000253,thomas.smith253@yahoo.com,yahoo.com
EM000254,shannon.cook254@yahoo.com,yahoo.com
EM000255,tony.doyle255@gmail.com,gmail.com
EM000256,kelly.adams256@hotmail.com,hotmail.com
EM000257,amy.johnson257@yahoo.com,yahoo.com
EM000258,anthony.alvarado258@yahoo.com,yahoo.com
EM000259,amber.ballard259@yahoo.com,yahoo.com
EM000260,lauren.harper260@gmail.com,gmail.com
EM000261,gail.mitchell261@hotmail.com,hotmail.com
EM000262,jacob.garcia262@yahoo.com,yahoo.com
EM000263,steven.moody263@yahoo.com,yahoo.com
EM000264,paul.proctor264@gmail.com,gmail.com
EM000265,david.olson265@yahoo.com,yahoo.com
EM000266,tanya.perkins266@hotmail.com,hotmail.com
EM000267,tony.stewart267@hotmail.com,hotmail.com
EM000268,jessica.hill268@hotmail.com,hotmail.com
EM000269,john.le269@hotmail.com,hotmail.com
EM000270,daniel.lee270@gmail.com,gmail.com
EM000271,sharon.perry271@yahoo.com,yahoo.com
EM000272,paul.lee272@hotmail.com,hotmail.com
EM000273,laura.pierce273@hotmail.com,hotmail.com
EM000274,katie.howe274@yahoo.com,yahoo.com
EM000275,samantha.dixon275@hotmail.com,hotmail.com
EM000276,ricardo.hardin276@hotmail.com,hotmail.com
EM000277,christian.brown277@yahoo.com,yahoo.com
EM000278,jeffrey.williams278@hotmail.com,hotmail.com
EM000279,christopher.shaw279@hotmail.com,hotmail.com
EM000280,gail.johnston280@gmail.com,gmail.com
EM000281,gina.moore281@hotmail.com,hotmail.com
EM000282,amanda.harris282@hotmail.com,hotmail.com
EM000283,sierra.jones283@hotmail.com,hotmail.com
EM000284,vincent.ellis284@hotmail.com,hotmail.com
EM000285,wendy.irwin285@yahoo.com,yahoo.com
EM000286,susan.salazar286@hotmail.com,hotmail.com
EM000287,amber.mcbride287@gmail.com,gmail.com
EM000288,nicole.gutierrez288@yahoo.com,yahoo.com
EM000289,christopher.chan289@gmail.com,gmail.com
EM000290,katherine.jones290@yahoo.com,yahoo.com
EM000291,april.foster291@hotmail.com,hotmail.com
EM000292,kelly.ellison292@hotmail.com,hotmail.com
EM000293,shawn.mosley293@gmail.com,gmail.com
EM000294,ariana.keller294@gmail.com,gmail.com
EM000295,stephen.foley295@hotmail.com,hotmail.com
EM000296,christine.grant296@gmail.com,gmail.com
EM000297,victoria.martin297@yahoo.com,yahoo.com
EM000298,dennis.neal298@yahoo.com,yahoo.com
EM000299,wanda.gomez299@gmail.com,gmail.com
EM000300,michael.shaffer300@gmail.com,gmail.com
EM000301,randy.carroll301@gmail.com,gmail.com
EM000302,kristen.gutierrez302@hotmail.com,hotmail.com
EM000303,mary.morgan303@yahoo.com,yahoo.com
EM000304,robert.crawford304@gmail.com,gmail.com
EM000305,sandra.oconnor305@hotmail.com,hotmail.com
EM000306,dakota.miranda306@hotmail.com,hotmail.com
EM000307,willie.clark307@yahoo.com,yahoo.com
EM000308,patrick.miller308@yahoo.com,yahoo.com
EM000309,terri.campos309@yahoo.com,yahoo.com
EM000310,isaac.stark310@yahoo.com,yahoo.com
EM000311,mark.banks311@yahoo.com,yahoo.com
EM000312,heather.thompson312@hotmail.com,hotmail.com
EM000313,gina.carlson313@yahoo.com,yahoo.com
EM000314,natalie.evans314@hotmail.com,hotmail.com
EM000315,joe.park315@yahoo.com,yahoo.com
EM000316,keith.salas316@gmail.com,gmail.com
EM000317,william.arnold317@yahoo.com,yahoo.com
EM000318,miguel.carpenter318@hotmail.com,hotmail.com
EM000319,rebecca.nichols319@gmail.com,gmail.com
EM000320,thomas.jackson320@gmail.com,gmail.com
EM000321,cassandra.kent321@hotmail.com,hotmail.com
EM000322,tracey.coffey322@hotmail.com,hotmail.com
EM000323,gary.ross323@yahoo.com,yahoo.com
EM000324,samantha.walsh324@yahoo.com,yahoo.com
EM000325,emily.decker325@gmail.com,gmail.com
EM000326,melissa.anderson326@hotmail.com,hotmail.com
EM000327,joshua.brown327@yahoo.com,yahoo.com
EM000328,daniel.alexander328@yahoo.com,yahoo.com
EM000329,rebecca.andrews329@hotmail.com,hotmail.com
EM000330,wendy.holland330@yahoo.com,yahoo.com
EM000331,austin.johnson331@hotmail.com,hotmail.com
EM000332,matthew.le332@yahoo.com,yahoo.com
EM000333,john.banks333@gmail.com,gmail.com
EM000334,jeffrey.brock334@yahoo.com,yahoo.com
EM000335,gary.wood335@gmail.com,gmail.com
EM000336,heather.sparks336@yahoo.com,yahoo.com
EM000337,margaret.turner337@yahoo.com,yahoo.com
EM000338,brian.rodriguez338@gmail.com,gmail.com
EM000339,todd.wilson339@gmail.com,gmail.com
EM000340,thomas.washington340@yahoo.com,yahoo.com
EM000341,heather.brown341@gmail.com,gmail.com
EM000342,tara.wyatt342@gmail.com,gmail.com
EM000343,robin.villanueva343@yahoo.com,yahoo.com
EM000344,heather.russell344@gmail.com,gmail.com
EM000345,kelsey.sawyer345@yahoo.com,yahoo.com
EM000346,christopher.gilmore346@hotmail.com,hotmail.com
EM000347,jenna.harris347@yahoo.com,yahoo.com
EM000348,rodney.brown348@yahoo.com,yahoo.com
EM000349,rachael.roberts349@gmail.com,gmail.com
EM000350,robert.rojas350@gmail.com,gmail.com
EM000351,kristina.perez351@yahoo.com,yahoo.com
EM000352,scott.wood352@gmail.com,gmail.com
EM000353,stacie.reilly353@gmail.com,gmail.com
EM000354,hannah.dennis354@gmail.com,gmail.com
EM000355,danielle.silva355@gmail.com,gmail.com
EM000356,michael.madden356@hotmail.com,hotmail.com
EM000357,kevin.mcneil357@hotmail.com,hotmail.com
EM000358,mackenzie.turner358@hotmail.com,hotmail.com
EM000359,david.ramirez359@gmail.com,gmail.com
EM000360,steven.steele360@yahoo.com,yahoo.com
EM000361,karen.stephens361@yahoo.com,yahoo.com
EM000362,wesley.decker362@hotmail.com,hotmail.com
EM000363,kathryn.peterson363@hotmail.com,hotmail.com
EM000364,antonio.keller364@hotmail.com,hotmail.com
EM000365,ellen.johnson365@gmail.com,gmail.com
EM000366,adam.swanson366@gmail.com,gmail.com
EM000367,april.simpson367@yahoo.com,yahoo.com
EM000368,melissa.jacobson368@yahoo.com,yahoo.com
EM000369,david.massey369@hotmail.com,hotmail.com
EM000370,tyler.fuller370@gmail.com,gmail.com
EM000371,karen.saunders371@yahoo.com,yahoo.com
EM000372,shannon.farrell372@yahoo.com,yahoo.com
EM000373,anna.moore373@gmail.com,gmail.com
EM000374,anthony.vance374@yahoo.com,yahoo.com
EM000375,mark.murray375@yahoo.com,yahoo.com
EM000376,matthew.mendez376@yahoo.com,yahoo.com
EM000377,ronald.reed377@gmail.com,gmail.com
EM000378,victor.guerrero378@hotmail.com,hotmail.com
EM000379,james.gutierrez379@yahoo.com,yahoo.com
EM000380,vickie.henderson380@gmail.com,gmail.com
EM000381,carolyn.camacho381@yahoo.com,yahoo.com
EM000382,kerri.edwards382@hotmail.com,hotmail.com
EM000383,thomas.sanchez383@yahoo.com,yahoo.com
EM000384,kyle.mullen384@yahoo.com,yahoo.com
EM000385,ruth.welch385@hotmail.com,hotmail.com
EM000386,heather.gill386@hotmail.com,hotmail.com
EM000387,jennifer.saunders387@hotmail.com,hotmail.com
EM000388,james.perry388@gmail.com,gmail.com
EM000389,george.bradley389@gmail.com,gmail.com
EM000390,jessica.lopez390@gmail.com,gmail.com
EM000391,jason.reyes391@yahoo.com,yahoo.com
EM000392,tammy.hansen392@hotmail.com,hotmail.com
EM000393,victor.mcpherson393@yahoo.com,yahoo.com
EM000394,barry.green394@hotmail.com,hotmail.com
EM000395,mary.brady395@yahoo.com,yahoo.com
EM000396,justin.zavala396@gmail.com,gmail.com
EM000397,rebecca.robles397@gmail.com,gmail.com
EM000398,andrew.clark398@yahoo.com,yahoo.com
EM000399,anna.henderson399@yahoo.com,yahoo.com
EM000400,edgar.anderson400@yahoo.com,yahoo.com
EM000401,ashley.king401@yahoo.com,yahoo.com
EM000402,lee.ramsey402@hotmail.com,hotmail.com
EM000403,steve.sullivan403@hotmail.com,hotmail.com
EM000404,debra.graham404@hotmail.com,hotmail.com
EM000405,john.phillips405@yahoo.com,yahoo.com
EM000406,jenny.mcconnell406@yahoo.com,yahoo.com
EM000407,troy.mcmillan407@yahoo.com,yahoo.com
EM000408,diane.anderson408@yahoo.com,yahoo.com
EM000409,kevin.clark409@gmail.com,gmail.com
EM000410,tom.chaney410@yahoo.com,yahoo.com
EM000411,kimberly.meza411@hotmail.com,hotmail.com
EM000412,eric.cox412@gmail.com,gmail.com
EM000413,john.mullins413@hotmail.com,hotmail.com
EM000414,katherine.keller414@hotmail.com,hotmail.com
EM000415,margaret.mccullough415@hotmail.com,hotmail.com
EM000416,matthew.hardy416@hotmail.com,hotmail.com
EM000417,brittany.allen417@yahoo.com,yahoo.com
EM000418,linda.zhang418@hotmail.com,hotmail.com
EM000419,corey.dawson419@yahoo.com,yahoo.com
EM000420,breanna.fields420@yahoo.com,yahoo.com
EM000421,mike.crane421@hotmail.com,hotmail.com
EM000422,pamela.lewis422@hotmail.com,hotmail.com
EM000423,elizabeth.hernandez423@hotmail.com,hotmail.com
EM000424,dawn.miller424@hotmail.com,hotmail.com
EM000425,mary.riley425@gmail.com,gmail.com
EM000426,douglas.scott426@gmail.com,gmail.com
EM000427,jonathan.david427@gmail.com,gmail.com
EM000428,rick.hall428@gmail.com,gmail.com
EM000429,stephanie.ali429@hotmail.com,hotmail.com
EM000430,brandon.stevenson430@hotmail.com,hotmail.com
EM000431,shawn.sanchez431@yahoo.com,yahoo.com
EM000432,chris.johnson432@hotmail.com,hotmail.com
EM000433,erin.fletcher433@gmail.com,gmail.com
EM000434,randy.kane434@hotmail.com,hotmail.com
EM000435,andrew.booker435@hotmail.com,hotmail.com
EM000436,zachary.williams436@hotmail.com,hotmail.com
EM000437,sally.gonzalez437@yahoo.com,yahoo.com
EM000438,samuel.davis438@yahoo.com,yahoo.com
EM000439,brian.williams439@yahoo.com,yahoo.com
EM000440,briana.rodriguez440@gmail.com,gmail.com
EM000441,david.silva441@hotmail.com,hotmail.com
EM000442,robert.gonzalez442@gmail.com,gmail.com
EM000443,shawn.mccormick443@gmail.com,gmail.com
EM000444,michael.spencer444@gmail.com,gmail.com
EM000445,gregory.green445@gmail.com,gmail.com
EM000446,tiffany.cuevas446@yahoo.com,yahoo.com
EM000447,brenda.dickerson447@yahoo.com,yahoo.com
EM000448,karen.newman448@hotmail.com,hotmail.com
EM000449,jeffrey.harris449@gmail.com,gmail.com
EM000450,matthew.hayes450@yahoo.com,yahoo.com
EM000451,kristi.house451@gmail.com,gmail.com
EM000452,whitney.murillo452@hotmail.com,hotmail.com
EM000453,jennifer.murray453@gmail.com,gmail.com
EM000454,kathryn.vaughn454@yahoo.com,yahoo.com
EM000455,suzanne.fowler455@yahoo.com,yahoo.com
EM000456,chad.brown456@hotmail.com,hotmail.com
EM000457,ryan.mckinney457@yahoo.com,yahoo.com
EM000458,makayla.jacobs458@gmail.com,gmail.com
EM000459,ryan.cruz459@hotmail.com,hotmail.com
EM000460,sabrina.wolfe460@hotmail.com,hotmail.com
EM000461,bradley.johnson461@hotmail.com,hotmail.com
EM000462,stephanie.taylor462@yahoo.com,yahoo.com
EM000463,eric.howard463@gmail.com,gmail.com
EM000464,brandon.bennett464@gmail.com,gmail.com
EM000465,gary.jackson465@yahoo.com,yahoo.com
EM000466,glenn.morales466@yahoo.com,yahoo.com
EM000467,tonya.garcia467@hotmail.com,hotmail.com
EM000468,charlotte.richards468@yahoo.com,yahoo.com
EM000469,christopher.taylor469@yahoo.com,yahoo.com
EM000470,melanie.rivera470@gmail.com,gmail.com
EM000471,stephanie.williams471@gmail.com,gmail.com
EM000472,catherine.turner472@hotmail.com,hotmail.com
EM000473,andrew.james473@gmail.com,gmail.com
EM000474,eric.lopez474@gmail.com,gmail.com
EM000475,kelsey.walton475@yahoo.com,yahoo.com
EM000476,john.lane476@hotmail.com,hotmail.com
EM000477,vincent.ferguson477@yahoo.com,yahoo.com
EM000478,robert.butler478@yahoo.com,yahoo.com
EM000479,tonya.savage479@yahoo.com,yahoo.com
EM000480,kathleen.smith480@yahoo.com,yahoo.com
EM000481,cassandra.rogers481@hotmail.com,hotmail.com
EM000482,misty.ramirez482@hotmail.com,hotmail.com
EM000483,mark.wallace483@hotmail.com,hotmail.com
EM000484,william.anderson484@gmail.com,gmail.com
EM000485,katie.robinson485@yahoo.com,yahoo.com
EM000486,tammy.kim486@gmail.com,gmail.com
EM000487,melissa.finley487@hotmail.com,hotmail.com
EM000488,brittany.rodriguez488@gmail.com,gmail.com
EM000489,timothy.poole489@yahoo.com,yahoo.com
EM000490,matthew.gregory490@yahoo.com,yahoo.com
EM000491,barbara.ramos491@yahoo.com,yahoo.com
EM000492,tina.santos492@hotmail.com,hotmail.com
EM000493,darryl.martinez493@hotmail.com,hotmail.com
EM000494,cory.brown494@hotmail.com,hotmail.com
EM000495,hector.peters495@yahoo.com,yahoo.com
EM000496,tiffany.barrett496@gmail.com,gmail.com
EM000497,benjamin.thomas497@gmail.com,gmail.com
EM000498,rebecca.ross498@gmail.com,gmail.com
EM000499,anthony.munoz499@gmail.com,gmail.com
EM000500,kirsten.martinez500@hotmail.com,hotmail.com
EM000501,erica.kramer501@hotmail.com,hotmail.com
EM000502,jasmine.white502@yahoo.com,yahoo.com
EM000503,brian.paul503@hotmail.com,hotmail.com
EM000504,catherine.oconnell504@hotmail.com,hotmail.com
EM000505,marie.rosales505@gmail.com,gmail.com
EM000506,christina.murphy506@yahoo.com,yahoo.com
EM000507,adam.hammond507@yahoo.com,yahoo.com
EM000508,donald.burgess508@gmail.com,gmail.com
EM000509,tracy.simpson509@hotmail.com,hotmail.com
EM000510,brett.gallegos510@yahoo.com,yahoo.com
EM000511,michelle.gamble511@gmail.com,gmail.com
EM000512,christina.davis512@gmail.com,gmail.com
EM000513,luis.williams513@gmail.com,gmail.com
EM000514,alexander.arnold514@gmail.com,gmail.com
EM000515,lisa.lee515@yahoo.com,yahoo.com
EM000516,theresa.jacobson516@yahoo.com,yahoo.com
EM000517,james.olsen517@yahoo.com,yahoo.com
EM000518,alan.mcfarland518@hotmail.com,hotmail.com
EM000519,joseph.gibbs519@hotmail.com,hotmail.com
EM000520,mark.brown520@gmail.com,gmail.com
EM000521,bonnie.morton521@yahoo.com,yahoo.com
EM000522,sherry.white522@yahoo.com,yahoo.com
EM000523,derrick.christensen523@gmail.com,gmail.com
EM000524,amy.meyers524@hotmail.com,hotmail.com
EM000525,david.bryan525@gmail.com,gmail.com
EM000526,jeffrey.huber526@yahoo.com,yahoo.com
EM000527,kevin.roth527@yahoo.com,yahoo.com
EM000528,lisa.wilson528@yahoo.com,yahoo.com
EM000529,robert.crawford529@hotmail.com,hotmail.com
EM000530,susan.mccall530@gmail.com,gmail.com
EM000531,brian.rodriguez531@hotmail.com,hotmail.com
EM000532,julia.adkins532@hotmail.com,hotmail.com
EM000533,angela.gallegos533@hotmail.com,hotmail.com
EM000534,taylor.edwards534@hotmail.com,hotmail.com
EM000535,carla.avila535@yahoo.com,yahoo.com
EM000536,christopher.parker536@yahoo.com,yahoo.com
EM000537,thomas.melton537@gmail.com,gmail.com
EM000538,cindy.bentley538@gmail.com,gmail.com
EM000539,carlos.ray539@yahoo.com,yahoo.com
EM000540,robert.harvey540@hotmail.com,hotmail.com
EM000541,joyce.sanchez541@hotmail.com,hotmail.com
EM000542,dawn.mccullough542@yahoo.com,yahoo.com
EM000543,thomas.ramirez543@gmail.com,gmail.com
EM000544,jason.lewis544@gmail.com,gmail.com
EM000545,patty.patterson545@yahoo.com,yahoo.com
EM000546,krista.harper546@gmail.com,gmail.com
EM000547,adam.hayes547@gmail.com,gmail.com
EM000548,stephanie.wood548@yahoo.com,yahoo.com
EM000549,sara.ellis549@yahoo.com,yahoo.com
EM000550,debra.jensen550@yahoo.com,yahoo.com
EM000551,james.harrison551@gmail.com,gmail.com
EM000552,lori.greene552@yahoo.com,yahoo.com
EM000553,peter.chandler553@yahoo.com,yahoo.com
EM000554,alexander.carrillo554@gmail.com,gmail.com
EM000555,john.hurst555@yahoo.com,yahoo.com
EM000556,david.thomas556@yahoo.com,yahoo.com
EM000557,nicholas.edwards557@yahoo.com,yahoo.com
EM000558,judy.house558@gmail.com,gmail.com
EM000559,heather.martinez559@yahoo.com,yahoo.com
EM000560,gabriel.harris560@hotmail.com,hotmail.com
EM000561,susan.king561@yahoo.com,yahoo.com
EM000562,kimberly.martinez562@yahoo.com,yahoo.com
EM000563,ann.moran563@hotmail.com,hotmail.com
EM000564,shawn.guzman564@hotmail.com,hotmail.com
EM000565,jennifer.hill565@yahoo.com,yahoo.com
EM000566,michelle.ramsey566@gmail.com,gmail.com
EM000567,cheyenne.burnett567@yahoo.com,yahoo.com
EM000568,becky.stanley568@yahoo.com,yahoo.com
EM000569,alexander.robinson569@yahoo.com,yahoo.com
EM000570,sabrina.cruz570@yahoo.com,yahoo.com
EM000571,allen.murray571@yahoo.com,yahoo.com
EM000572,william.brown572@yahoo.com,yahoo.com
EM000573,jeffrey.brown573@gmail.com,gmail.com
EM000574,caitlyn.gross574@gmail.com,gmail.com
EM000575,thomas.cook575@gmail.com,gmail.com
EM000576,kimberly.garcia576@hotmail.com,hotmail.com
EM000577,dylan.jenkins577@gmail.com,gmail.com
EM000578,natalie.shelton578@yahoo.com,yahoo.com
EM000579,mary.martinez579@yahoo.com,yahoo.com
EM000580,shawn.robinson580@hotmail.com,hotmail.com
EM000581,stephanie.reeves581@gmail.com,gmail.com
EM000582,tammy.garcia582@yahoo.com,yahoo.com
EM000583,ashley.fuller583@hotmail.com,hotmail.com
EM000584,steven.gaines584@gmail.com,gmail.com
EM000585,mary.miller585@yahoo.com,yahoo.com
EM000586,jacqueline.black586@hotmail.com,hotmail.com
EM000587,marissa.wallace587@gmail.com,gmail.com
EM000588,andrew.thomas588@hotmail.com,hotmail.com
EM000589,lauren.marshall589@yahoo.com,yahoo.com
EM000590,stephen.smith590@gmail.com,gmail.com
EM000591,sandra.jones591@hotmail.com,hotmail.com
EM000592,daniel.villa592@yahoo.com,yahoo.com
EM000593,holly.gray593@hotmail.com,hotmail.com
EM000594,james.patrick594@gmail.com,gmail.com
EM000595,laurie.gonzales595@hotmail.com,hotmail.com
EM000596,jacqueline.jones596@gmail.com,gmail.com
EM000597,donald.payne597@hotmail.com,hotmail.com
EM000598,dalton.crawford598@gmail.com,gmail.com
EM000599,david.miles599@hotmail.com,hotmail.com
EM000600,julie.beasley600@hotmail.com,hotmail.com
EM000601,raymond.sandoval601@hotmail.com,hotmail.com
EM000602,alison.adams602@hotmail.com,hotmail.com
EM000603,jenny.french603@gmail.com,gmail.com
EM000604,joshua.lynch604@yahoo.com,yahoo.com
EM000605,sharon.kent605@yahoo.com,yahoo.com
EM000606,jennifer.mack606@yahoo.com,yahoo.com
EM000607,benjamin.hill607@yahoo.com,yahoo.com
EM000608,megan.robinson608@gmail.com,gmail.com
EM000609,greg.pitts609@hotmail.com,hotmail.com
EM000610,erika.mathews610@yahoo.com,yahoo.com
EM000611,charles.simmons611@yahoo.com,yahoo.com
EM000612,daniel.lewis612@yahoo.com,yahoo.com
EM000613,joseph.huff613@yahoo.com,yahoo.com
EM000614,christopher.castro614@gmail.com,gmail.com
EM000615,david.ortiz615@hotmail.com,hotmail.com
EM000616,craig.booth616@yahoo.com,yahoo.com
EM000617,david.merritt617@yahoo.com,yahoo.com
EM000618,isabel.quinn618@hotmail.com,hotmail.com
EM000619,matthew.elliott619@hotmail.com,hotmail.com
EM000620,joshua.gonzales620@gmail.com,gmail.com
EM000621,james.mcmahon621@hotmail.com,hotmail.com
EM000622,darren.gomez622@gmail.com,gmail.com
EM000623,laura.stewart623@hotmail.com,hotmail.com
EM000624,tyler.anderson624@hotmail.com,hotmail.com
EM000625,christina.welch625@gmail.com,gmail.com
EM000626,robert.west626@gmail.com,gmail.com
EM000627,bruce.ingram627@yahoo.com,yahoo.com
EM000628,jamie.garrett628@hotmail.com,hotmail.com
EM000629,michele.perez629@gmail.com,gmail.com
EM000630,john.nelson630@gmail.com,gmail.com
EM000631,marie.villarreal631@yahoo.com,yahoo.com
EM000632,rebecca.ferguson632@gmail.com,gmail.com
EM000633,theresa.davis633@gmail.com,gmail.com
EM000634,joy.flowers634@gmail.com,gmail.com
EM000635,michele.haney635@gmail.com,gmail.com
EM000636,tyler.sims636@hotmail.com,hotmail.com
EM000637,gina.lang637@hotmail.com,hotmail.com
EM000638,larry.lopez638@hotmail.com,hotmail.com
EM000639,courtney.reilly639@yahoo.com,yahoo.com
EM000640,david.boyd640@hotmail.com,hotmail.com
EM000641,christian.booker641@gmail.com,gmail.com
EM000642,megan.moses642@hotmail.com,hotmail.com
EM000643,michael.coleman643@hotmail.com,hotmail.com
EM000644,wesley.smith644@yahoo.com,yahoo.com
EM000645,sara.osborn645@hotmail.com,hotmail.com
EM000646,jennifer.edwards646@hotmail.com,hotmail.com
EM000647,christopher.ramos647@yahoo.com,yahoo.com
EM000648,ashlee.ford648@gmail.com,gmail.com
EM000649,sherri.hancock649@hotmail.com,hotmail.com
EM000650,tiffany.green650@yahoo.com,yahoo.com
EM000651,debbie.fleming651@yahoo.com,yahoo.com
EM000652,jacob.taylor652@hotmail.com,hotmail.com
EM000653,francisco.payne653@gmail.com,gmail.com
EM000654,kathryn.santana654@hotmail.com,hotmail.com
EM000655,david.cook655@gmail.com,gmail.com
EM000656,jack.hodge656@yahoo.com,yahoo.com
EM000657,jason.kennedy657@yahoo.com,yahoo.com
EM000658,tara.johnson658@hotmail.com,hotmail.com
EM000659,ryan.morgan659@hotmail.com,hotmail.com
EM000660,linda.reed660@hotmail.com,hotmail.com
EM000661,richard.wise661@yahoo.com,yahoo.com
EM000662,edward.rogers662@hotmail.com,hotmail.com
EM000663,amy.white663@yahoo.com,yahoo.com
EM000664,teresa.barker664@gmail.com,gmail.com
EM000665,nicole.copeland665@yahoo.com,yahoo.com
EM000666,julie.osborne666@yahoo.com,yahoo.com
EM000667,carol.daugherty667@yahoo.com,yahoo.com
EM000668,sarah.smith668@yahoo.com,yahoo.com
EM000669,traci.wood669@yahoo.com,yahoo.com
EM000670,nicholas.rush670@gmail.com,gmail.com
EM000671,rachel.ramirez671@yahoo.com,yahoo.com
EM000672,sandra.thompson672@yahoo.com,yahoo.com
EM000673,christine.taylor673@hotmail.com,hotmail.com
EM000674,nicole.valdez674@hotmail.com,hotmail.com
EM000675,carrie.fritz675@gmail.com,gmail.com
EM000676,nicole.medina676@hotmail.com,hotmail.com
EM000677,katherine.riley677@gmail.com,gmail.com
EM000678,karen.sherman678@yahoo.com,yahoo.com
EM000679,kelly.duffy679@gmail.com,gmail.com
EM000680,michael.romero680@hotmail.com,hotmail.com
EM000681,matthew.parker681@gmail.com,gmail.com
EM000682,james.beck682@yahoo.com,yahoo.com
EM000683,ian.mayer683@gmail.com,gmail.com
EM000684,kevin.clark684@gmail.com,gmail.com
EM000685,bonnie.callahan685@gmail.com,gmail.com
EM000686,kevin.camacho686@gmail.com,gmail.com
EM000687,kevin.schaefer687@yahoo.com,yahoo.com
EM000688,emily.morris688@gmail.com,gmail.com
EM000689,matthew.gomez689@hotmail.com,hotmail.com
EM000690,jason.moran690@yahoo.com,yahoo.com
EM000691,terry.maddox691@gmail.com,gmail.com
EM000692,mark.rowe692@yahoo.com,yahoo.com
EM000693,kelsey.jones693@hotmail.com,hotmail.com
EM000694,lauren.decker694@gmail.com,gmail.com
EM000695,sandra.bishop695@gmail.com,gmail.com
EM000696,matthew.rose696@hotmail.com,hotmail.com
EM000697,desiree.gonzalez697@hotmail.com,hotmail.com
EM000698,sarah.barrett698@gmail.com,gmail.com
EM000699,jamie.james699@gmail.com,gmail.com
EM000700,tracie.marsh700@yahoo.com,yahoo.com
EM000701,jerome.haynes701@hotmail.com,hotmail.com
EM000702,leah.cline702@hotmail.com,hotmail.com
EM000703,nathaniel.skinner703@hotmail.com,hotmail.com
EM000704,robert.jones704@yahoo.com,yahoo.com
EM000705,mariah.duncan705@gmail.com,gmail.com
EM000706,jack.hopkins706@yahoo.com,yahoo.com
EM000707,tiffany.smith707@hotmail.com,hotmail.com
EM000708,victoria.chavez708@yahoo.com,yahoo.com
EM000709,dawn.oconnell709@gmail.com,gmail.com
EM000710,raymond.pugh710@hotmail.com,hotmail.com
EM000711,garrett.moore711@hotmail.com,hotmail.com
EM000712,marc.griffith712@yahoo.com,yahoo.com
EM000713,kristie.lucas713@yahoo.com,yahoo.com
EM000714,alex.wilson714@yahoo.com,yahoo.com
EM000715,patrick.vance715@gmail.com,gmail.com
EM000716,jessica.conway716@hotmail.com,hotmail.com
EM000717,ann.monroe717@yahoo.com,yahoo.com
EM000718,melissa.berry718@hotmail.com,hotmail.com
EM000719,michael.vega719@yahoo.com,yahoo.com
EM000720,joy.mullins720@gmail.com,gmail.com
EM000721,todd.rogers721@yahoo.com,yahoo.com
EM000722,jennifer.melendez722@hotmail.com,hotmail.com
EM000723,amy.contreras723@yahoo.com,yahoo.com
EM000724,mary.perry724@hotmail.com,hotmail.com
EM000725,rachel.giles725@yahoo.com,yahoo.com
EM000726,lori.walker726@yahoo.com,yahoo.com
EM000727,mikayla.hernandez727@hotmail.com,hotmail.com
EM000728,lauren.romero728@yahoo.com,yahoo.com
EM000729,evan.lee729@hotmail.com,hotmail.com
EM000730,melanie.white730@yahoo.com,yahoo.com
EM000731,nathaniel.jackson731@hotmail.com,hotmail.com
EM000732,theresa.davis732@hotmail.com,hotmail.com
EM000733,christy.mcconnell733@gmail.com,gmail.com
EM000734,sherry.barnett734@gmail.com,gmail.com
EM000735,amanda.long735@hotmail.com,hotmail.com
EM000736,damon.hoffman736@hotmail.com,hotmail.com
EM000737,brandon.turner737@gmail.com,gmail.com
EM000738,tyler.duncan738@hotmail.com,hotmail.com
EM000739,samantha.morales739@gmail.com,gmail.com
EM000740,robert.gutierrez740@yahoo.com,yahoo.com
EM000741,darius.barrera741@yahoo.com,yahoo.com
EM000742,angela.jimenez742@gmail.com,gmail.com
EM000743,nathan.rodgers743@yahoo.com,yahoo.com
EM000744,steven.valenzuela744@gmail.com,gmail.com
EM000745,douglas.brandt745@gmail.com,gmail.com
EM000746,jesus.james746@hotmail.com,hotmail.com
EM000747,paul.kent747@gmail.com,gmail.com
EM000748,nicole.richardson748@gmail.com,gmail.com
EM000749,michael.nguyen749@yahoo.com,yahoo.com
EM000750,rachel.kelley750@yahoo.com,yahoo.com
EM000751,patrick.holmes751@gmail.com,gmail.com
EM000752,cheryl.hines752@hotmail.com,hotmail.com
EM000753,julia.rubio753@yahoo.com,yahoo.com
EM000754,robert.patel754@hotmail.com,hotmail.com
EM000755,hailey.meyers755@yahoo.com,yahoo.com
EM000756,daniel.donovan756@hotmail.com,hotmail.com
EM000757,melissa.lee757@yahoo.com,yahoo.com
EM000758,andrea.anderson758@hotmail.com,hotmail.com
EM000759,michael.hunt759@yahoo.com,yahoo.com
EM000760,andrew.anderson760@gmail.com,gmail.com
EM000761,eric.sims761@yahoo.com,yahoo.com
EM000762,christopher.flores762@hotmail.com,hotmail.com
EM000763,jose.humphrey763@hotmail.com,hotmail.com
EM000764,carolyn.hunter764@yahoo.com,yahoo.com
EM000765,troy.orr765@gmail.com,gmail.com
EM000766,kathryn.edwards766@hotmail.com,hotmail.com
EM000767,joann.cruz767@gmail.com,gmail.com
EM000768,allen.kennedy768@yahoo.com,yahoo.com
EM000769,stephanie.mccarthy769@hotmail.com,hotmail.com
EM000770,jenny.roman770@gmail.com,gmail.com
EM000771,holly.winters771@yahoo.com,yahoo.com
EM000772,cindy.miller772@yahoo.com,yahoo.com
EM000773,timothy.thomas773@yahoo.com,yahoo.com
EM000774,kenneth.harris774@yahoo.com,yahoo.com
EM000775,stephen.gonzalez775@hotmail.com,hotmail.com
EM000776,cristina.lucas776@yahoo.com,yahoo.com
EM000777,curtis.martin777@hotmail.com,hotmail.com
EM000778,heather.kelley778@gmail.com,gmail.com
EM000779,jeffery.hall779@gmail.com,gmail.com
EM000780,james.johnson780@gmail.com,gmail.com
EM000781,jonathan.gonzalez781@yahoo.com,yahoo.com
EM000782,emily.tanner782@yahoo.com,yahoo.com
EM000783,stephen.myers783@gmail.com,gmail.com
EM000784,ashley.moore784@gmail.com,gmail.com
EM000785,stephanie.mcguire785@yahoo.com,yahoo.com
EM000786,erica.johnson786@yahoo.com,yahoo.com
EM000787,hannah.patrick787@hotmail.com,hotmail.com
EM000788,frank.hopkins788@yahoo.com,yahoo.com
EM000789,michael.reynolds789@hotmail.com,hotmail.com
EM000790,randy.colon790@gmail.com,gmail.com
EM000791,daryl.dennis791@yahoo.com,yahoo.com
EM000792,tyler.moon792@hotmail.com,hotmail.com
EM000793,richard.wolfe793@yahoo.com,yahoo.com
EM000794,karen.carrillo794@yahoo.com,yahoo.com
EM000795,matthew.munoz795@yahoo.com,yahoo.com
EM000796,sean.shaw796@yahoo.com,yahoo.com
EM000797,gloria.schmitt797@gmail.com,gmail.com
EM000798,megan.perez798@yahoo.com,yahoo.com
EM000799,cynthia.rodriguez799@yahoo.com,yahoo.com
