record_id,source_system,first_name,last_name,email,email_id,phone,phone_id,address_id,dob,ground_truth_id,last_ticket_subject
R0000000,SUPPORT,Danielle,Johnson,danielle.johnson0@yahoo.com,EM000000,(104) 332-1819,PH000000,AD000000,1963-12-20,0,account access
R0000004,SUPPORT,Jennifer,Milps,jennifer.miles1@yahoo.com,EM000001,600-133-8908,PH000001,AD000001,1957-01-06,1,account access
R0000007,SUPPORT,Mjchael,Cooper,michael.cooper2@yahoo.com,EM000002,(386) 379-4026,PH000002,AD000002,1965-12-11,2,tech issue
R0000008,SUPPORT,Kendra,Galloway,kendra.galloway3@gmail.com,EM000003,(542) 351-1615,PH000003,AD000003,1962-01-30,3,account access
R0000015,SUPPORT,John,Allen,john.allen8@hotmail.com,EM000008,8350305641,PH000008,AD000008,,8,account access
R0000019,SUPPORT,Hpnnah,Marquez,hannah.marquez9@yahoo.com,EM000009,395-376-7242,PH000009,AD000009,1972-12-02,9,billing question
R0000021,SUPPORT,Emily,Joyce,emily.joyce11@gmail.com,EM000011,(287) 101-2269,PH000011,AD000011,1980-08-04,11,feature request
R0000025,SUPPORT,Chbistopher,Lopez,christopher.lopez14@hotmail.com,EM000014,8281489325,PH000014,AD000014,,14,account access
R0000026,SUPPORT,James,Moran,james.moran15@gmail.com,EM000015,2880957015,PH000015,AD000015,1967-01-22,15,billing question
R0000028,SUPPORT,Mike,Moore,mike.moore16@hotmail.com,EM000016,(430) 391-1718,PH000016,AD000016,1973-10-08,16,account access
R0000029,SUPPORT,James,Walterp,james.walters17@yahoo.com,EM000017,(227) 824-8963,PH000017,AD000017,1960-07-30,17,account access
R0000033,SUPPORT,Amy,Davekport,amy.davenport18@hotmail.com,EM000018,(834) 657-8713,PH000018,AD000018,1978-02-02,18,billing question
R0000034,SUPPORT,Terri,Brady,terri.brady19@gmail.com,EM000019,3150983930,PH000019,AD000019,1981-10-04,19,feature request
R0000037,SUPPORT,Michael,Hoover,michael.hoover20@gmail.com,EM000020,103-105-1834,PH000020,AD000020,1958-04-14,20,feature request
R0000040,SUPPORT,Natalie,Green,natalie.green21@hotmail.com,EM000021,(738) 299-7376,PH000021,AD000021,1987-01-29,21,billing question
R0000044,SUPPORT,Gloria,Bentaey,gloria.bentley22@hotmail.com,EM000022,+13116566701,PH000022,AD000022,1997-11-18,22,feature request
R0000046,SUPPORT,Emma,Dixon,emma.dixon24@hotmail.com,EM000024,+16247317810,PH000024,AD000024,1960-06-18,24,tech issue
R0000049,SUPPORT,Gregory,Rubio,gregory.rubio26@hotmail.com,EM000026,+10260647468,PH000026,AD000026,2001-01-15,26,feature request
R0000053,SUPPORT,Jason,Perry,jason.perry28@yahoo.com,EM000028,0097882081,PH000028,AD000028,2000-06-05,28,tech issue
R0000055,SUPPORT,Amy,Morrison,amy.morrison29@gmail.com,EM000029,2191361939,PH000029,AD000029,1979-08-09,29,account access
R0000061,SUPPORT,Debra,Harrington,debra.harrington31@hotmail.com,EM000031,(353) 462-4751,PH000031,AD000031,1975-07-16,31,feature request
R0000062,SUPPORT,Gary,Lawson,gary.lawson32@hotmail.com,EM000032,(079) 911-8384,PH000032,AD000032,1966-12-18,32,feature request
R0000069,SUPPORT,Nicole,fanchez,nicole.sanchez35@yahoo.com,EM000035,824-493-5348,PH000035,AD000035,1966-11-10,35,tech issue
R0000074,SUPPORT,Marissa,Phillips,marissa.phillips38@yahoo.com,EM000038,8059826204,PH000038,AD000038,1983-11-03,38,account access
R0000078,SUPPORT,Stacy,Miller,stacy.miller40@gmail.com,EM000040,+12322602563,PH000040,AD000040,1979-08-14,40,account access
R0000079,SUPPORT,Kevin,Oliver,kevin.oliver41@hotmail.com,EM000041,421-607-3375,PH000041,AD000041,1966-03-10,41,tech issue
R0000084,SUPPORT,Brian,Sparks,brian.sparks43@hotmail.com,EM000043,+15868501429,PH000043,AD000043,1966-01-05,43,billing question
R0000087,SUPPORT,Suzanne,Huff,suzanne.huff44@hotmail.com,EM000044,(401) 965-5698,PH000044,AD000044,1993-08-19,44,tech issue
R0000090,SUPPORT,Lisa,Costa,lisa.costa45@yahoo.com,EM000045,(169) 340-6088,PH000045,AD000045,1977-12-09,45,feature request
R0000091,SUPPORT,Michelle,Bryan,michelle.bryan46@gmail.com,EM000046,3561595148,PH000046,AD000046,1958-09-13,46,feature request
R0000093,SUPPORT,Anthony,Mccoy,anthony.mccoy47@gmail.com,EM000047,4656482366,PH000047,AD000047,1970-04-19,47,account access
R0000098,SUPPORT,Michelle,Griffin,michelle.griffin49@yahoo.com,EM000049,+16995777387,PH000049,AD000049,1976-09-16,49,feature request
R0000099,SUPPORT,Vanessa,Sparks,vanessa.sparks50@hotmail.com,EM000050,2148951343,PH000050,AD000050,1960-03-31,50,account access
R0000104,SUPPORT,Robert,Pena,robert.pena51@gmail.com,EM000051,(320) 037-9176,PH000051,AD000051,1952-11-17,51,feature request
R0000105,SUPPORT,Christina,koung,christina.young52@hotmail.com,EM000052,+19367632016,PH000052,AD000052,1978-06-23,52,feature request
R0000106,SUPPORT,Ashlee,fparks,ashlee.sparks53@gmail.com,EM000053,+13287083172,PH000053,AD000053,1970-01-04,53,tech issue
R0000108,SUPPORT,jrica,Moore,erica.moore54@yahoo.com,EM000054,(788) 957-9868,PH000054,AD000054,1970-07-12,54,feature request
R0000110,SUPPORT,Andnew,nreer,andrew.greer55@yahoo.com,EM000055,+17277434873,PH000055,AD000055,1953-02-12,55,billing question
R0000111,SUPPORT,Kyle,Alexander,kyle.alexander56@hotmail.com,EM000056,(471) 434-5581,PH000056,AD000056,1970-07-09,56,feature request
R0000114,SUPPORT,Julie,Morgan,julie.morgan57@gmail.com,EM000057,223-623-1665,PH000057,AD000057,1993-11-21,57,feature request
R0000117,SUPPORT,Paige,Taylor,paige.taylor59@yahoo.com,EM000059,(670) 546-6889,PH000059,AD000059,1980-09-11,59,account access
R0000120,SUPPORT,Stephanie,foley,stephanie.foley60@gmail.com,EM000060,373-467-0656,PH000060,AD000060,1964-05-26,60,feature request
R0000121,SUPPORT,Casey,Hubbard,casey.hubbard61@gmail.com,EM000061,272-980-6990,PH000061,AD000061,1959-05-28,61,feature request
R0000124,SUPPORT,Alexis,Tyler,alexis.tyler62@gmail.com,EM000062,162-720-4653,PH000062,AD000062,1985-12-02,62,tech issue
R0000125,SUPPORT,Kevin,Schneider,kevin.schneider63@gmail.com,EM000063,+17556464170,PH000063,AD000063,1992-12-02,63,account access
R0000131,SUPPORT,Anna,Santiago,anna.santiago66@yahoo.com,EM000066,+15299124190,PH000066,AD000066,1989-07-03,66,billing question
R0000133,SUPPORT,Jeremy,Patterson,jeremy.patterson67@hotmail.com,EM000067,496-631-9314,PH000067,AD000067,1988-12-21,67,tech issue
R0000135,SUPPORT,Diane,Joies,diane.jones68@hotmail.com,EM000068,9190586518,PH000068,AD000068,1954-01-06,68,feature request
R0000138,SUPPORT,Eric,Webster,eric.webster69@gmail.com,EM000069,506-716-5726,PH000069,AD000069,1990-10-19,69,billing question
R0000140,SUPPORT,Tommy,Estrada,tommy.estrada70@gmail.com,EM000070,284-987-7694,PH000070,AD000070,1950-12-18,70,billing question
R0000143,SUPPORT,Tyler,Jerdan,tyler.jordan71@gmail.com,EM000071,531-473-7996,PH000071,AD000071,1998-09-19,71,account access
R0000145,SUPPORT,Danielle,Roberts,danielle.roberts72@yahoo.com,EM000072,5075273545,PH000072,AD000072,1977-05-14,72,tech issue
R0000148,SUPPORT,Charles,Bean,charles.bean74@hotmail.com,EM000074,783-777-0143,PH000074,AD000074,1990-09-06,74,feature request
R0000152,SUPPORT,Shannon,Pacheco,shannon.pacheco76@hotmail.com,EM000076,8557444313,PH000076,AD000076,1962-03-06,76,account access
R0000158,SUPPORT,Dawn,Murphy,dawn.murphy79@gmail.com,EM000079,+18240084271,PH000079,AD000079,1965-11-07,79,billing question
R0000159,SUPPORT,Zoe,Moere,zoe.moore80@yahoo.com,EM000080,(094) 777-5204,PH000080,AD000080,1997-08-01,80,feature request
R0000162,SUPPORT,Kellie,Lamb,kellie.lamb81@gmail.com,EM000081,(711) 671-9022,PH000081,AD000081,1975-06-20,81,feature request
R0000165,SUPPORT,Justin,jines,justin.hines83@yahoo.com,EM000083,+13867749649,PH000083,AD000083,1952-05-09,83,account access
R0000168,SUPPORT,Lucas,jarcia,lucas.garcia84@hotmail.com,EM000084,(909) 133-4123,PH000084,AD000084,1979-03-29,84,billing question
R0000170,SUPPORT,Daniel,Roberts,daniel.roberts85@yahoo.com,EM000085,+12812067974,PH000085,AD000085,1970-04-04,85,tech issue
R0000171,SUPPORT,Ruben,Mendez,ruben.mendez86@gmail.com,EM000086,034-471-3493,PH000086,AD000086,1995-02-25,86,feature request
R0000174,SUPPORT,Courtney,Ingram,courtney.ingram87@hotmail.com,EM000087,+16183242102,PH000087,AD000087,1971-11-30,87,feature request
R0000177,SUPPORT,Sarah,eobertson,sarah.robertson88@hotmail.com,EM000088,+14994717464,PH000088,AD000088,1984-03-15,88,account access
R0000183,SUPPORT,Antonio,Hernandez,antonio.hernandez91@yahoo.com,EM000091,(278) 742-9671,PH000091,AD000091,1958-06-13,91,feature request
R0000184,SUPPORT,Jose,Green,jose.green92@yahoo.com,EM000092,+17565512567,PH000092,AD000092,1972-03-08,92,account access
R0000187,SUPPORT,Cheryl,Miller,cheryl.miller94@yahoo.com,EM000094,+16808760385,PH000094,AD000094,1993-12-22,94,tech issue
R0000189,SUPPORT,Briana,Saunders,briana.saunders95@gmail.com,EM000095,977-034-8247,PH000095,AD000095,1987-12-03,95,tech issue
R0000191,SUPPORT,Joshua,Weber,joshua.weber96@hotmail.com,EM000096,7109324808,PH000096,AD000096,1955-12-18,96,billing question
R0000195,SUPPORT,Brandon,May,brandon.may97@hotmail.com,EM000097,6131712748,PH000097,AD000097,1961-03-12,97,tech issue
R0000198,SUPPORT,Scott,Washington,scott.washington98@gmail.com,EM000098,+14677378263,PH000098,AD000098,1967-04-23,98,billing question
R0000199,SUPPORT,Donald,Williams,donald.williams99@yahoo.com,EM000099,982-146-5840,PH000099,AD000099,1965-01-28,99,billing question
R0000203,SUPPORT,Michael,Robedts,michael.roberts101@yahoo.com,EM000101,(588) 675-3396,PH000101,AD000101,1977-10-01,101,account access
R0000204,SUPPORT,Vincent,Williams,vincent.williams102@gmail.com,EM000102,3605766270,PH000102,AD000102,1986-08-30,102,account access
R0000207,SUPPORT,Tracy,Hart,tracy.hart103@yahoo.com,EM000103,289-517-1870,PH000103,AD000103,1999-07-12,103,tech issue
R0000211,SUPPORT,jrett,Castillo,brett.castillo104@hotmail.com,EM000104,(262) 174-5961,PH000104,AD000104,1985-09-24,104,tech issue
R0000213,SUPPORT,Jared,Nguyen,jared.nguyen105@hotmail.com,EM000105,586-578-0913,PH000105,AD000105,1970-09-09,105,feature request
R0000217,SUPPORT,Kelcie,Bush,kellie.bush106@hotmail.com,EM000106,431-611-7240,PH000106,AD000106,1995-01-28,106,tech issue
R0000219,SUPPORT,Adam,Pierce,adam.pierce108@gmail.com,EM000108,692-221-9693,PH000108,AD000108,1977-06-14,108,tech issue
R0000228,SUPPORT,Laurie,Petersen,laurie.petersen113@gmail.com,EM000113,+17439533942,PH000113,AD000113,1986-12-15,113,feature request
R0000229,SUPPORT,Edward,Murphy,edward.murphy114@hotmail.com,EM000114,1047095214,PH000114,AD000114,1977-05-19,114,billing question
R0000233,SUPPORT,Jonathan,Smith,jonathan.smith115@gmail.com,EM000115,562-328-5884,PH000115,AD000115,2000-01-24,115,feature request
R0000235,SUPPORT,Debbie,Fisher,debbie.fisher116@yahoo.com,EM000116,247-451-7123,PH000116,AD000116,1999-05-16,116,tech issue
R0000238,SUPPORT,Amy,Patel,amy.patel117@gmail.com,EM000117,6851604817,PH000117,AD000117,1955-01-06,117,tech issue
R0000240,SUPPORT,Craig,Johnson,craig.johnson118@hotmail.com,EM000118,(549) 651-3709,PH000118,AD000118,1989-08-22,118,feature request
R0000241,SUPPORT,muis,Harper,luis.harper119@hotmail.com,EM000119,(859) 317-4612,PH000119,AD000119,1972-02-16,119,billing question
R0000244,SUPPORT,Heather,Russell,heather.russell120@yahoo.com,EM000120,+10047113826,PH000120,AD000120,1994-06-11,120,feature request
R0000246,SUPPORT,Christian,Cole,christian.cole121@yahoo.com,EM000121,+17586926179,PH000121,AD000121,,121,feature request
R0000248,SUPPORT,Jay,Clark,jay.clark122@yahoo.com,EM000122,6405377351,PH000122,AD000122,,122,account access
R0000252,SUPPORT,Ashley,Sanchez,ashley.sanchez124@hotmail.com,EM000124,3900532931,PH000124,AD000124,1978-07-02,124,feature request
R0000255,SUPPORT,Derrick,Mccoy,derrick.mccoy125@gmail.com,EM000125,(839) 335-2904,PH000125,AD000125,1999-08-01,125,account access
R0000257,SUPPORT,Joshua,Madden,joshua.madden126@gmail.com,EM000126,(228) 421-0205,PH000126,AD000126,1997-11-18,126,account access
R0000258,SUPPORT,Jeremiah,Sutton,jeremiah.sutton127@gmail.com,EM000127,395-024-0268,PH000127,AD000127,1972-12-23,127,feature request
R0000259,SUPPORT,Ariel,Hodge,ariel.hodge128@gmail.com,EM000128,(117) 758-9178,PH000128,AD000128,1990-05-20,128,account access
R0000263,SUPPORT,Douglas,Hoover,douglas.hoover129@yahoo.com,EM000129,3908470076,PH000129,AD000129,1999-09-19,129,tech issue
R0000264,SUPPORT,Christian,Mcgee,christian.mcgee130@yahoo.com,EM000130,(617) 711-5921,PH000130,AD000130,1974-08-25,130,billing question
R0000268,SUPPORT,Angela,Bennett,angela.bennett131@gmail.com,EM000131,249-985-6984,PH000131,AD000131,1968-10-17,131,feature request
R0000269,SUPPORT,Curtis,Miller,curtis.miller132@yahoo.com,EM000132,789-611-8367,PH000132,AD000132,1999-10-06,132,account access
R0000271,SUPPORT,Rabhel,Stein,rachel.stein133@gmail.com,EM000133,3657661565,PH000133,AD000133,1970-11-01,133,feature request
R0000273,SUPPORT,Todd,Joned,todd.jones134@yahoo.com,EM000134,(452) 711-1161,PH000134,AD000134,1976-04-15,134,tech issue
R0000277,SUPPORT,Travis,Johnston,travis.johnston136@gmail.com,EM000136,560-494-5198,PH000136,AD000136,1955-02-21,136,account access
R0000281,SUPPORT,gori,Flynn,lori.flynn137@yahoo.com,EM000137,3273158514,PH000137,AD000137,1990-11-05,137,tech issue
R0000282,SUPPORT,Danielle,Miller,danielle.miller138@gmail.com,EM000138,9368998094,PH000138,AD000138,1990-06-28,138,tech issue
R0000285,SUPPORT,Hannah,Hernandez,hannah.hernandez139@gmail.com,EM000139,(024) 455-0229,PH000139,AD000139,1970-11-14,139,account access
R0000288,SUPPORT,Bradley,Page,bradley.page140@gmail.com,EM000140,612-018-3667,PH000140,AD000140,1952-06-03,140,tech issue
R0000291,SUPPORT,Candice,Carr,candice.carr142@hotmail.com,EM000142,(290) 147-6797,PH000142,AD000142,1958-05-24,142,tech issue
R0000295,SUPPORT,Brian,Howard,brian.howard144@gmail.com,EM000144,+17840369003,PH000144,AD000144,1965-09-26,144,account access
R0000296,SUPPORT,Amanda,Jackson,amanda.jackson145@yahoo.com,EM000145,432-445-1076,PH000145,AD000145,1967-04-13,145,feature request
R0000300,SUPPORT,Kenneth,Kidd,kenneth.kidd146@yahoo.com,EM000146,+12268388516,PH000146,AD000146,1989-03-25,146,feature request
R0000302,SUPPORT,Michael,Campbell,michael.campbell147@hotmail.com,EM000147,060-715-9696,PH000147,AD000147,1959-01-26,147,billing question
R0000305,SUPPORT,Jacqueline,Anderson,jacqueline.anderson148@gmail.com,EM000148,6416052975,PH000148,AD000148,1950-08-09,148,billing question
R0000308,SUPPORT,Misty,Boone,misty.boone149@gmail.com,EM000149,(161) 369-6816,PH000149,AD000149,1983-06-19,149,tech issue
R0000314,SUPPORT,Karina,Patterson,karina.patterson152@gmail.com,EM000152,921-277-9979,PH000152,AD000152,1997-08-31,152,tech issue
R0000320,SUPPORT,Casey,Elliott,casey.elliott154@hotmail.com,EM000154,+19058147700,PH000154,AD000154,1974-05-11,154,tech issue
R0000322,SUPPORT,Sylvia,Edwards,sylvia.edwards155@gmail.com,EM000155,541-199-8679,PH000155,AD000155,1991-09-27,155,account access
R0000323,SUPPORT,William,Adkins,william.adkins156@yahoo.com,EM000156,8079359782,PH000156,AD000156,1979-01-28,156,feature request
R0000326,SUPPORT,Jacqueline,Miller,jacqueline.miller158@hotmail.com,EM000158,(788) 925-5466,PH000158,AD000158,,158,tech issue
R0000331,SUPPORT,Frank,Benton,frank.benton160@hotmail.com,EM000160,+14925192546,PH000160,AD000160,1989-01-05,160,billing question
R0000336,SUPPORT,Linda,Klein,linda.klein162@hotmail.com,EM000162,+16850542357,PH000162,AD000162,1971-07-31,162,tech issue
R0000339,SUPPORT,Natabie,Tapia,natalie.tapia164@gmail.com,EM000164,+10592962229,PH000164,AD000164,1981-08-20,164,feature request
R0000340,SUPPORT,Terri,Miller,terri.miller165@gmail.com,EM000165,(270) 653-7947,PH000165,AD000165,1998-02-13,165,feature request
R0000342,SUPPORT,Marie,Nguyen,marie.nguyen166@yahoo.com,EM000166,383-473-5977,PH000166,AD000166,1981-12-19,166,account access
R0000346,SUPPORT,Rachel,Ramos,rachel.ramos169@gmail.com,EM000169,4782613750,PH000169,AD000169,1962-03-13,169,billing question
R0000348,SUPPORT,Michael,Odonnell,michael.odonnell170@yahoo.com,EM000170,+16068536153,PH000170,AD000170,1986-03-21,170,feature request
R0000352,SUPPORT,Jfffery,Huang,jeffery.huang172@yahoo.com,EM000172,+17790104328,PH000172,AD000172,1954-03-29,172,tech issue
R0000354,SUPPORT,Kyle,Henry,kyle.henry174@gmail.com,EM000174,(697) 117-9808,PH000174,AD000174,1972-06-15,174,feature request
R0000356,SUPPORT,Brian,Hernandez,brian.hernandez175@hotmail.com,EM000175,932-460-9539,PH000175,AD000175,1983-08-04,175,billing question
R0000357,SUPPORT,Debra,Thpmpson,debra.thompson176@hotmail.com,EM000176,+16218518888,PH000176,AD000176,1957-07-09,176,feature request
R0000363,SUPPORT,Mark,Mccann,mark.mccann180@yahoo.com,EM000180,(303) 054-8687,PH000180,AD000180,1952-03-09,180,feature request
R0000364,SUPPORT,Jamie,Little,jamie.little181@gmail.com,EM000181,+14034505415,PH000181,AD000181,1968-05-11,181,account access
R0000365,SUPPORT,Jeremy,Adams,jeremy.adams182@gmail.com,EM000182,+16676527758,PH000182,AD000182,1978-12-04,182,billing question
R0000370,SUPPORT,Robert,Hernandez,robert.hernandez185@hotmail.com,EM000185,(570) 596-4016,PH000185,AD000185,1969-03-06,185,tech issue
R0000372,SUPPORT,Richard,Montglmery,richard.montgomery186@hotmail.com,EM000186,(582) 029-7021,PH000186,AD000186,1959-08-01,186,tech issue
R0000377,SUPPORT,Richard,Deleon,richard.deleon188@hotmail.com,EM000188,(571) 928-5654,PH000188,AD000188,1977-06-13,188,account access
R0000379,SUPPORT,Cynthia,Martinez,cynthia.martinez189@gmail.com,EM000189,310-278-6814,PH000189,AD000189,1956-08-02,189,feature request
R0000380,SUPPORT,Justin,Hughes,justin.hughes190@gmail.com,EM000190,+14739473121,PH000190,AD000190,1965-08-30,190,feature request
R0000384,SUPPORT,Timothy,Rogeks,timothy.rogers192@yahoo.com,EM000192,+14225831323,PH000192,AD000192,,192,account access
R0000385,SUPPORT,jaul,Johnson,paul.johnson193@hotmail.com,EM000193,705-895-7829,PH000193,AD000193,1968-01-14,193,billing question
R0000388,SUPPORT,Henry,Milder,henry.miller196@yahoo.com,EM000196,(226) 801-8242,PH000196,AD000196,1959-03-30,196,tech issue
R0000391,SUPPORT,David,Reyes,david.reyes198@hotmail.com,EM000198,(424) 981-8299,PH000198,AD000198,1951-09-27,198,account access
R0000396,SUPPORT,Brandon,Vani,brandon.vang200@hotmail.com,EM000200,+19439690784,PH000200,AD000200,1997-02-06,200,account access
R0000397,SUPPORT,Crystal,Turner,crystal.turner201@hotmail.com,EM000201,473-647-1027,PH000201,AD000201,1991-11-17,201,account access
R0000399,SUPPORT,Jamos,Baker,james.baker202@hotmail.com,EM000202,+16773592555,PH000202,AD000202,1956-06-29,202,billing question
R0000408,SUPPORT,Tercsa,Anderson,teresa.anderson206@yahoo.com,EM000206,(747) 016-8733,PH000206,AD000206,1997-04-09,206,feature request
R0000411,SUPPORT,Jackie,Davis,jackie.davis207@hotmail.com,EM000207,9500479748,PH000207,AD000207,1983-11-22,207,billing question
R0000412,SUPPORT,Malik,Rivera,malik.rivera208@yahoo.com,EM000208,(016) 245-6506,PH000208,AD000208,1984-05-10,208,account access
R0000415,SUPPORT,Sergio,Wilson,sergio.wilson209@yahoo.com,EM000209,0983584168,PH000209,AD000209,,209,tech issue
R0000416,SUPPORT,Stephen,Peterson,stephen.peterson210@gmail.com,EM000210,7849912165,PH000210,AD000210,1974-08-09,210,billing question
R0000419,SUPPORT,Maria,Brandt,maria.brandt211@yahoo.com,EM000211,(585) 239-8680,PH000211,AD000211,1965-02-08,211,tech issue
R0000421,SUPPORT,Stephen,Harrington,stephen.harrington212@hotmail.com,EM000212,002-578-7298,PH000212,AD000212,1962-06-30,212,feature request
R0000425,SUPPORT,Hehther,Thompson,heather.thompson213@gmail.com,EM000213,2595269495,PH000213,AD000213,1981-04-02,213,account access
R0000430,SUPPORT,Ashley,Contreras,ashley.contreras215@yahoo.com,EM000215,169-409-7499,PH000215,AD000215,1997-06-06,215,feature request
R0000433,SUPPORT,Kristen,Harris,kristen.harris216@hotmail.com,EM000216,(309) 728-9623,PH000216,AD000216,1953-08-19,216,tech issue
R0000435,SUPPORT,Sara,Hughes,sara.hughes217@hotmail.com,EM000217,091-307-5626,PH000217,AD000217,1980-12-23,217,billing question
R0000439,SUPPORT,Mark,Mckinney,mark.mckinney219@gmail.com,EM000219,5786527858,PH000219,AD000219,,219,account access
R0000442,SUPPORT,Alan,Caldwell,alan.caldwell221@yahoo.com,EM000221,+14437575844,PH000221,AD000221,1987-03-14,221,account access
R0000443,SUPPORT,Jennifer,Johnson,jennifer.johnson222@hotmail.com,EM000222,1986652404,PH000222,AD000222,1993-02-05,222,tech issue
R0000447,SUPPORT,Cameron,Santiago,cameron.santiago223@gmail.com,EM000223,157-473-3848,PH000223,AD000223,1965-12-05,223,account access
R0000449,SUPPORT,Rhonda,Russell,rhonda.russell224@yahoo.com,EM000224,+14219933083,PH000224,AD000224,1970-12-11,224,account access
R0000451,SUPPORT,Catherine,Campbell,catherine.campbell225@yahoo.com,EM000225,301-657-1208,PH000225,AD000225,1950-10-12,225,billing question
R0000454,SUPPORT,Ashley,Long,ashley.long226@hotmail.com,EM000226,+12677345401,PH000226,AD000226,,226,billing question
R0000455,SUPPORT,Melissa,Randolph,melissa.randolph227@hotmail.com,EM000227,+19380262067,PH000227,AD000227,,227,billing question
R0000459,SUPPORT,Dennis,Quinn,dennis.quinn229@yahoo.com,EM000229,788-728-7431,PH000229,AD000229,1999-12-09,229,account access
R0000462,SUPPORT,Charles,Smith,charles.smith230@hotmail.com,EM000230,(527) 420-5493,PH000230,AD000230,1960-07-20,230,tech issue
R0000464,SUPPORT,Michael,Walker,michael.walker231@hotmail.com,EM000231,2966851612,PH000231,AD000231,1995-04-23,231,billing question
R0000466,SUPPORT,Monbca,Thomas,monica.thomas232@hotmail.com,EM000232,275-304-6374,PH000232,AD000232,1953-02-24,232,feature request
R0000472,SUPPORT,Jennifer,Wilson,jennifer.wilson235@gmail.com,EM000235,(332) 727-9568,PH000235,AD000235,1985-04-27,235,account access
R0000474,SUPPORT,Benjlmin,Armstrnng,benjamin.armstrong236@gmail.com,EM000236,+17833918785,PH000236,AD000236,1982-07-08,236,tech issue
R0000477,SUPPORT,Paul,Rodriguez,paul.rodriguez238@gmail.com,EM000238,2587139718,PH000238,AD000238,1975-08-22,238,account access
R0000479,SUPPORT,Nancp,Wolfe,nancy.wolfe239@yahoo.com,EM000239,707-286-7908,PH000239,AD000239,1987-06-09,239,tech issue
R0000482,SUPPORT,Brenda,Green,brenda.green241@hotmail.com,EM000241,+16518017046,PH000241,AD000241,1998-06-12,241,tech issue
R0000484,SUPPORT,Raymond,Taylor,raymond.taylor242@hotmail.com,EM000242,(226) 567-6618,PH000242,AD000242,1993-09-15,242,account access
R0000486,SUPPORT,Adam,Davis,adam.davis243@gmail.com,EM000243,+12512868230,PH000243,AD000243,1994-01-03,243,feature request
R0000489,SUPPORT,Brenda,Holmes,brenda.holmes245@hotmail.com,EM000245,524-310-6903,PH000245,AD000245,1989-07-23,245,feature request
R0000492,SUPPORT,Adam,Thompson,adam.thompson246@hotmail.com,EM000246,+13119079030,PH000246,AD000246,1980-07-26,246,account access
R0000493,SUPPORT,Tammy,Hart,tammy.hart247@gmail.com,EM000247,6738302843,PH000247,AD000247,,247,billing question
R0000496,SUPPORT,Justin,Ross,justin.ross248@hotmail.com,EM000248,959-953-4283,PH000248,AD000248,1966-01-12,248,feature request
R0000499,SUPPORT,James,Wright,james.wright249@hotmail.com,EM000249,+16440892687,PH000249,AD000249,1983-11-02,249,account access
R0000503,SUPPORT,Ivan,Coleman,ivan.coleman252@yahoo.com,EM000252,668-826-3435,PH000252,AD000252,1960-08-12,252,tech issue
R0000504,SUPPORT,Thoeas,Smith,thomas.smith253@yahoo.com,EM000253,+11751830469,PH000253,AD000253,,253,feature request
R0000507,SUPPORT,Shannon,Cook,shannon.cook254@yahoo.com,EM000254,(901) 398-3735,PH000254,AD000254,1985-03-04,254,tech issue
R0000511,SUPPORT,Tony,Doyle,tony.doyle255@gmail.com,EM000255,+14033173936,PH000255,AD000255,1994-11-15,255,billing question
R0000513,SUPPORT,Kelly,Adams,kelly.adams256@hotmail.com,EM000256,3854678544,PH000256,AD000256,1982-08-21,256,feature request
R0000518,SUPPORT,Anthony,Alvarado,anthony.alvarado258@yahoo.com,EM000258,+16093204899,PH000258,AD000258,1983-03-19,258,tech issue
R0000521,SUPPORT,Lauren,Harper,lauren.harper260@gmail.com,EM000260,+18547772522,PH000260,AD000260,1997-08-28,260,account access
R0000522,SUPPORT,Ghil,Mptchell,gail.mitchell261@hotmail.com,EM000261,872-808-0100,PH000261,AD000261,1951-12-11,261,feature request
R0000526,SUPPORT,Steven,Moody,steven.moody263@yahoo.com,EM000263,+10997700886,PH000263,AD000263,1967-05-18,263,tech issue
R0000529,SUPPORT,Paul,Proctor,paul.proctor264@gmail.com,EM000264,008-484-0862,PH000264,AD000264,1985-11-19,264,feature request
R0000532,SUPPORT,David,Olson,david.olson265@yahoo.com,EM000265,1182339845,PH000265,AD000265,1951-01-16,265,billing question
R0000535,SUPPORT,Tanya,Perkins,tanya.perkins266@hotmail.com,EM000266,461-567-9334,PH000266,AD000266,1958-12-31,266,tech issue
R0000538,SUPPORT,Tony,Stewart,tony.stewart267@hotmail.com,EM000267,(101) 666-8700,PH000267,AD000267,1972-06-18,267,billing question
R0000543,SUPPORT,Johe,Le,john.le269@hotmail.com,EM000269,3974014890,PH000269,AD000269,1964-03-09,269,tech issue
R0000547,SUPPORT,Paul,Lee,paul.lee272@hotmail.com,EM000272,(501) 631-5999,PH000272,AD000272,1961-10-15,272,billing question
R0000549,SUPPORT,Laura,Pierce,laura.pierce273@hotmail.com,EM000273,+16504773586,PH000273,AD000273,1975-12-17,273,account access
R0000552,SUPPORT,Katie,Howe,katie.howe274@yahoo.com,EM000274,(629) 619-4311,PH000274,AD000274,1969-03-19,274,billing question
R0000555,SUPPORT,Ricmrdo,Hardin,ricardo.hardin276@hotmail.com,EM000276,4754121267,PH000276,AD000276,1976-05-26,276,feature request
R0000557,SUPPORT,Christian,Brown,christian.brown277@yahoo.com,EM000277,+18886101581,PH000277,AD000277,1997-12-02,277,tech issue
R0000560,SUPPORT,Christopher,Shaw,christopher.shaw279@hotmail.com,EM000279,3982622444,PH000279,AD000279,1972-06-11,279,billing question
R0000563,SUPPORT,Gail,Johnston,gail.johnston280@gmail.com,EM000280,721-264-6471,PH000280,AD000280,1964-01-10,280,account access
R0000565,SUPPORT,iina,Moore,gina.moore281@hotmail.com,EM000281,5437993712,PH000281,AD000281,2000-10-17,281,billing question
R0000569,SUPPORT,Sierra,Jones,sierra.jones283@hotmail.com,EM000283,924-593-7526,PH000283,AD000283,1963-12-21,283,feature request
R0000574,SUPPORT,Susan,Salazar,susan.salazar286@hotmail.com,EM000286,(741) 672-4342,PH000286,AD000286,1989-12-22,286,tech issue
R0000576,SUPPORT,Amber,Mcbride,amber.mcbride287@gmail.com,EM000287,661-797-9688,PH000287,AD000287,1972-02-15,287,account access
R0000579,SUPPORT,Nicoce,Gutierrez,nicole.gutierrez288@yahoo.com,EM000288,+16805891135,PH000288,AD000288,1974-11-19,288,tech issue
R0000582,SUPPORT,Katherine,Jones,katherine.jones290@yahoo.com,EM000290,4388899375,PH000290,AD000290,1967-02-27,290,feature request
R0000584,SUPPORT,April,Foster,april.foster291@hotmail.com,EM000291,(679) 825-0714,PH000291,AD000291,,291,tech issue
R0000588,SUPPORT,Shawn,Mosley,shawn.mosley293@gmail.com,EM000293,+17571775140,PH000293,AD000293,1973-03-31,293,billing question
R0000592,SUPPORT,Stephen,Foley,stephen.foley295@hotmail.com,EM000295,(586) 736-2266,PH000295,AD000295,1969-05-12,295,account access
R0000599,SUPPORT,Wanda,Gomez,wanda.gomez299@gmail.com,EM000299,(155) 792-4991,PH000299,AD000299,1973-02-24,299,account access
R0000600,SUPPORT,Michael,khaffer,michael.shaffer300@gmail.com,EM000300,+12513412528,PH000300,AD000300,1973-08-31,300,billing question
R0000604,SUPPORT,Randy,Carroil,randy.carroll301@gmail.com,EM000301,(669) 296-6278,PH000301,AD000301,1981-11-27,301,tech issue
R0000606,SUPPORT,Kristen,Gutierrez,kristen.gutierrez302@hotmail.com,EM000302,2827422579,PH000302,AD000302,1969-07-09,302,tech issue
R0000612,SUPPORT,Robert,Crawford,robert.crawford304@gmail.com,EM000304,6767721903,PH000304,AD000304,1973-07-31,304,tech issue
R0000613,SUPPORT,Sandra,Oconnor,sandra.oconnor305@hotmail.com,EM000305,+14043842797,PH000305,AD000305,1953-07-29,305,tech issue
R0000616,SUPPORT,Dakota,Miranda,dakota.miranda306@hotmail.com,EM000306,881-914-8580,PH000306,AD000306,1988-07-08,306,tech issue
R0000619,SUPPORT,Willie,Clark,willie.clark307@yahoo.com,EM000307,783-613-4074,PH000307,AD000307,,307,account access
R0000621,SUPPORT,Patrick,Miller,patrick.miller308@yahoo.com,EM000308,(517) 133-9596,PH000308,AD000308,1955-10-13,308,billing question
R0000622,SUPPORT,Terre,Campms,terri.campos309@yahoo.com,EM000309,2923309584,PH000309,AD000309,1977-02-12,309,account access
R0000625,SUPPORT,Mark,Banks,mark.banks311@yahoo.com,EM000311,260-422-3253,PH000311,AD000311,1987-06-29,311,billing question
R0000631,SUPPORT,Natalie,Evans,natalie.evans314@hotmail.com,EM000314,7518636374,PH000314,AD000314,1952-07-23,314,account access
R0000632,SUPPORT,Joe,Park,joe.park315@yahoo.com,EM000315,545-892-9750,PH000315,AD000315,1960-12-07,315,tech issue
R0000637,SUPPORT,Miguel,Carpenter,miguel.carpenter318@hotmail.com,EM000318,+12064361103,PH000318,AD000318,1954-01-10,318,account access
R0000640,SUPPORT,Rebecca,Nicfols,rebecca.nichols319@gmail.com,EM000319,7129387005,PH000319,AD000319,1993-04-05,319,tech issue
R0000641,SUPPORT,Thomas,Jackson,thomas.jackson320@gmail.com,EM000320,(162) 713-6111,PH000320,AD000320,1958-01-10,320,account access
R0000643,SUPPORT,Cassandra,Kent,cassandra.kent321@hotmail.com,EM000321,(554) 262-2189,PH000321,AD000321,1973-10-07,321,billing question
R0000651,SUPPORT,Emily,Decker,emily.decker325@gmail.com,EM000325,0438983640,PH000325,AD000325,1956-04-25,325,feature request
R0000653,SUPPORT,Melissa,Andekson,melissa.anderson326@hotmail.com,EM000326,+13761379180,PH000326,AD000326,1955-06-22,326,account access
R0000659,SUPPORT,Wendy,Holland,wendy.holland330@yahoo.com,EM000330,+12414183285,PH000330,AD000330,1959-12-17,330,account access
R0000664,SUPPORT,Austin,Johnson,austin.johnson331@hotmail.com,EM000331,691-463-0316,PH000331,AD000331,1954-04-02,331,tech issue
R0000666,SUPPORT,Jofn,Banks,john.banks333@gmail.com,EM000333,+10275884252,PH000333,AD000333,1992-04-30,333,feature request
R0000669,SUPPORT,Jeffrey,Brock,jeffrey.brock334@yahoo.com,EM000334,410-564-8149,PH000334,AD000334,1978-09-08,334,tech issue
R0000672,SUPPORT,Gary,Wood,gary.wood335@gmail.com,EM000335,(177) 850-7925,PH000335,AD000335,1978-10-05,335,feature request
R0000673,SUPPORT,Heather,Sparks,heather.sparks336@yahoo.com,EM000336,241-913-8000,PH000336,AD000336,,336,feature request
R0000676,SUPPORT,Margaret,Turner,margaret.turner337@yahoo.com,EM000337,3075622086,PH000337,AD000337,1969-03-31,337,account access
R0000682,SUPPORT,Tara,Wyatt,tara.wyatt342@gmail.com,EM000342,(206) 038-5050,PH000342,AD000342,1960-07-28,342,billing question
R0000687,SUPPORT,Kelsey,Sawyer,kelsey.sawyer345@yahoo.com,EM000345,(182) 619-9062,PH000345,AD000345,1997-01-10,345,billing question
R0000688,SUPPORT,Christopher,Gilmore,christopher.gilmore346@hotmail.com,EM000346,(344) 565-5743,PH000346,AD000346,1988-08-05,346,feature request
R0000694,SUPPORT,Rodney,Brown,rodney.brown348@yahoo.com,EM000348,+15618537474,PH000348,AD000348,1977-01-08,348,account access
R0000697,SUPPORT,Rachael,Roberts,rachael.roberts349@gmail.com,EM000349,1124903521,PH000349,AD000349,,349,feature request
R0000701,SUPPORT,Robert,Rojas,robert.rojas350@gmail.com,EM000350,356-804-4206,PH000350,AD000350,1962-02-14,350,account access
R0000704,SUPPORT,Scott,Wood,scott.wood352@gmail.com,EM000352,+10323651994,PH000352,AD000352,1960-04-30,352,feature request
R0000708,SUPPORT,Haneah,Dennis,hannah.dennis354@gmail.com,EM000354,(702) 966-7066,PH000354,AD000354,1991-10-27,354,account access
R0000711,SUPPORT,Michael,Madden,michael.madden356@hotmail.com,EM000356,9934768701,PH000356,AD000356,1964-07-29,356,account access
R0000715,SUPPORT,David,Ramirez,david.ramirez359@gmail.com,EM000359,(205) 930-4078,PH000359,AD000359,1972-03-10,359,billing question
R0000718,SUPPORT,Steven,Steele,steven.steele360@yahoo.com,EM000360,+15932133480,PH000360,AD000360,1991-03-08,360,feature request
R0000722,SUPPORT,Wesley,Decker,wesley.decker362@hotmail.com,EM000362,9059929378,PH000362,AD000362,1986-01-13,362,feature request
R0000729,SUPPORT,Ellen,Johnson,ellen.johnson365@gmail.com,EM000365,002-921-8515,PH000365,AD000365,1986-12-27,365,billing question
R0000733,SUPPORT,April,Simpson,april.simpson367@yahoo.com,EM000367,(528) 953-9264,PH000367,AD000367,1963-04-14,367,feature request
R0000735,SUPPORT,Melissa,Jacobson,melissa.jacobson368@yahoo.com,EM000368,+14220969029,PH000368,AD000368,1977-12-12,368,account access
R0000737,SUPPORT,David,Massey,david.massey369@hotmail.com,EM000369,+15939172513,PH000369,AD000369,1983-09-26,369,tech issue
R0000738,SUPPORT,Tyler,Fuller,tyler.fuller370@gmail.com,EM000370,+15521570433,PH000370,AD000370,1995-06-04,370,tech issue
R0000741,SUPPORT,Karen,Saunders,karen.saunders371@yahoo.com,EM000371,+11541006762,PH000371,AD000371,1976-07-17,371,tech issue
R0000744,SUPPORT,Shannon,Farrell,shannon.farrell372@yahoo.com,EM000372,676-586-1793,PH000372,AD000372,1982-10-27,372,tech issue
R0000747,SUPPORT,Anna,Moore,anna.moore373@gmail.com,EM000373,(271) 040-5411,PH000373,AD000373,1990-03-05,373,account access
R0000750,SUPPORT,Anthony,Vance,anthony.vance374@yahoo.com,EM000374,526-218-1599,PH000374,AD000374,1987-01-28,374,tech issue
R0000751,SUPPORT,Mark,Murray,mark.murray375@yahoo.com,EM000375,(706) 296-2015,PH000375,AD000375,,375,feature request
R0000752,SUPPORT,Matthew,Mendez,matthew.mendez376@yahoo.com,EM000376,3368844431,PH000376,AD000376,1982-10-11,376,feature request
R0000754,SUPPORT,Victor,Guerrero,victor.guerrero378@hotmail.com,EM000378,+11497310324,PH000378,AD000378,1993-07-29,378,account access
R0000759,SUPPORT,Vickie,Henderson,vickie.henderson380@gmail.com,EM000380,(625) 652-7047,PH000380,AD000380,1971-10-19,380,tech issue
R0000760,SUPPORT,Carolyn,Camacho,carolyn.camacho381@yahoo.com,EM000381,7434902115,PH000381,AD000381,1958-10-04,381,account access
R0000764,SUPPORT,Kgrri,Edwards,kerri.edwards382@hotmail.com,EM000382,+18693806868,PH000382,AD000382,1979-04-11,382,account access
R0000766,SUPPORT,Kkle,Mullen,kyle.mullen384@yahoo.com,EM000384,899-217-2233,PH000384,AD000384,1961-05-04,384,feature request
R0000770,SUPPORT,Ruth,Welch,ruth.welch385@hotmail.com,EM000385,2061632945,PH000385,AD000385,1981-04-12,385,tech issue
R0000772,SUPPORT,Heather,Gill,heather.gill386@hotmail.com,EM000386,116-868-5487,PH000386,AD000386,1985-07-29,386,account access
R0000778,SUPPORT,George,Bradley,george.bradley389@gmail.com,EM000389,467-997-0246,PH000389,AD000389,1969-09-10,389,billing question
R0000781,SUPPORT,Jessica,Lopez,jessica.lopez390@gmail.com,EM000390,2996065307,PH000390,AD000390,1997-03-05,390,feature request
R0000784,SUPPORT,Tammy,Hansen,tammy.hansen392@hotmail.com,EM000392,(247) 546-9137,PH000392,AD000392,1959-02-20,392,billing question
R0000786,SUPPORT,Victor,Mcpherson,victor.mcpherson393@yahoo.com,EM000393,(367) 850-8214,PH000393,AD000393,1962-11-25,393,tech issue
R0000790,SUPPORT,Justin,Zavala,justin.zavala396@gmail.com,EM000396,+16103579727,PH000396,AD000396,2000-05-28,396,billing question
R0000797,SUPPORT,Anna,Henderson,anna.henderson399@yahoo.com,EM000399,(007) 229-0349,PH000399,AD000399,1970-11-17,399,billing question
R0000801,SUPPORT,Edgar,Anderson,edgar.anderson400@yahoo.com,EM000400,446-657-4374,PH000400,AD000400,1999-06-15,400,billing question
R0000805,SUPPORT,Lee,Ramsey,lee.ramsey402@hotmail.com,EM000402,(944) 171-5454,PH000402,AD000402,1982-11-26,402,tech issue
R0000806,SUPPORT,Steve,Sullivan,steve.sullivan403@hotmail.com,EM000403,443-283-0965,PH000403,AD000403,1960-04-24,403,billing question
R0000808,SUPPORT,John,Phillips,john.phillips405@yahoo.com,EM000405,+19353875842,PH000405,AD000405,1990-08-28,405,billing question
R0000812,SUPPORT,Jenny,Mcconnell,jenny.mcconnell406@yahoo.com,EM000406,8241724825,PH000406,AD000406,1958-05-24,406,account access
R0000816,SUPPORT,Troy,Mcmillan,troy.mcmillan407@yahoo.com,EM000407,+11353465549,PH000407,AD000407,1999-02-08,407,billing question
R0000819,SUPPORT,Diane,Anderson,diane.anderson408@yahoo.com,EM000408,+14717099917,PH000408,AD000408,1984-01-13,408,tech issue
R0000821,SUPPORT,Kevin,Clark,kevin.clark409@gmail.com,EM000409,(381) 684-6022,PH000409,AD000409,1965-09-07,409,tech issue
R0000824,SUPPORT,Kimberey,Meza,kimberly.meza411@hotmail.com,EM000411,525-007-4329,PH000411,AD000411,1957-03-11,411,tech issue
R0000827,SUPPORT,Eric,Cox,eric.cox412@gmail.com,EM000412,(271) 296-6667,PH000412,AD000412,1995-09-09,412,account access
R0000828,SUPPORT,John,Mullins,john.mullins413@hotmail.com,EM000413,600-835-0583,PH000413,AD000413,1977-03-13,413,feature request
R0000829,SUPPORT,Katherine,Keller,katherine.keller414@hotmail.com,EM000414,0033542168,PH000414,AD000414,1950-12-22,414,feature request
R0000831,SUPPORT,Matthew,Hardy,matthew.hardy416@hotmail.com,EM000416,8562575326,PH000416,AD000416,1987-03-07,416,feature request
R0000833,SUPPORT,Brittany,Allen,brittany.allen417@yahoo.com,EM000417,(033) 230-9821,PH000417,AD000417,1966-07-03,417,feature request
R0000835,SUPPORT,Linda,Zhang,linda.zhang418@hotmail.com,EM000418,+15064890901,PH000418,AD000418,1981-05-08,418,billing question
R0000840,SUPPORT,Pamela,Lewis,pamela.lewis422@hotmail.com,EM000422,3934835642,PH000422,AD000422,1981-01-20,422,billing question
R0000842,SUPPORT,Elizabeth,Hernandez,elizabeth.hernandez423@hotmail.com,EM000423,0873753001,PH000423,AD000423,1958-11-10,423,account access
R0000845,SUPPORT,Mary,Riley,mary.riley425@gmail.com,EM000425,+17447012045,PH000425,AD000425,1969-11-08,425,billing question
R0000848,SUPPORT,Douglas,Scott,douglas.scott426@gmail.com,EM000426,(561) 100-2255,PH000426,AD000426,1972-07-01,426,feature request
R0000850,SUPPORT,Jonathan,David,jonathan.david427@gmail.com,EM000427,+17941552166,PH000427,AD000427,1952-05-27,427,billing question
R0000852,SUPPORT,Stephanie,Ali,stephanie.ali429@hotmail.com,EM000429,+11697972965,PH000429,AD000429,1969-07-31,429,billing question
R0000855,SUPPORT,Brandon,Stevenson,brandon.stevenson430@hotmail.com,EM000430,9027716701,PH000430,AD000430,,430,tech issue
R0000856,SUPPORT,Shawn,Sanchez,shawn.sanchez431@yahoo.com,EM000431,4508993588,PH000431,AD000431,1994-10-03,431,tech issue
R0000859,SUPPORT,Erin,Fletcher,erin.fletcher433@gmail.com,EM000433,(002) 877-2175,PH000433,AD000433,1993-11-18,433,tech issue
R0000860,SUPPORT,Randy,Kane,randy.kane434@hotmail.com,EM000434,3540838663,PH000434,AD000434,1996-07-28,434,tech issue
R0000863,SUPPORT,Andrew,Booker,andrew.booker435@hotmail.com,EM000435,1779717751,PH000435,AD000435,1975-01-13,435,billing question
R0000865,SUPPORT,Zachary,Williams,zachary.williams436@hotmail.com,EM000436,7016608801,PH000436,AD000436,1955-07-03,436,tech issue
R0000867,SUPPORT,Sally,Gonzalez,sally.gonzalez437@yahoo.com,EM000437,994-883-7550,PH000437,AD000437,1992-08-06,437,billing question
R0000870,SUPPORT,Samuel,Davis,samuel.davis438@yahoo.com,EM000438,3758997571,PH000438,AD000438,1996-07-17,438,account access
R0000874,SUPPORT,aobert,Gonzaljz,robert.gonzalez442@gmail.com,EM000442,+11779827080,PH000442,AD000442,,442,account access
R0000876,SUPPORT,Michael,Spencer,michael.spencer444@gmail.com,EM000444,(699) 586-6934,PH000444,AD000444,1951-11-25,444,tech issue
R0000879,SUPPORT,Gregory,Green,gregory.green445@gmail.com,EM000445,654-722-6984,PH000445,AD000445,1986-04-17,445,account access
R0000880,SUPPORT,Tiffany,Cuevas,tiffany.cuevas446@yahoo.com,EM000446,8583339452,PH000446,AD000446,1992-05-10,446,tech issue
R0000885,SUPPORT,Karen,Newman,karen.newman448@hotmail.com,EM000448,6846081062,PH000448,AD000448,1964-07-14,448,billing question
R0000887,SUPPORT,Jeffrey,Harris,jeffrey.harris449@gmail.com,EM000449,+10034244204,PH000449,AD000449,,449,account access
R0000889,SUPPORT,Matthew,Hhyes,matthew.hayes450@yahoo.com,EM000450,380-571-9838,PH000450,AD000450,1955-10-03,450,billing question
R0000894,SUPPORT,Kristi,House,kristi.house451@gmail.com,EM000451,+16384066658,PH000451,AD000451,1991-07-17,451,account access
R0000895,SUPPORT,Whitney,Murillo,whitney.murillo452@hotmail.com,EM000452,0043973598,PH000452,AD000452,1982-05-02,452,tech issue
R0000897,SUPPORT,Jdnnifer,Murray,jennifer.murray453@gmail.com,EM000453,(933) 472-1228,PH000453,AD000453,1977-11-19,453,billing question
R0000898,SUPPORT,Kathryn,Vaughn,kathryn.vaughn454@yahoo.com,EM000454,+11606484229,PH000454,AD000454,1989-03-11,454,feature request
R0000899,SUPPORT,Suzanne,Fowler,suzanne.fowler455@yahoo.com,EM000455,+14057202590,PH000455,AD000455,1986-02-13,455,feature request
R0000904,SUPPORT,Ryan,Mckinney,ryan.mckinney457@yahoo.com,EM000457,+12818268861,PH000457,AD000457,1954-10-15,457,feature request
R0000906,SUPPORT,Mjkayla,Jacobs,makayla.jacobs458@gmail.com,EM000458,5335554398,PH000458,AD000458,2000-05-01,458,account access
R0000914,SUPPORT,Bradley,Johnson,bradley.johnson461@hotmail.com,EM000461,+15887704358,PH000461,AD000461,1998-12-30,461,feature request
R0000916,SUPPORT,Stephanie,Taylor,stephanie.taylor462@yahoo.com,EM000462,(112) 880-1336,PH000462,AD000462,1969-01-11,462,account access
R0000923,SUPPORT,Gary,Jackson,gary.jackson465@yahoo.com,EM000465,667-665-0618,PH000465,AD000465,1972-06-10,465,billing question
R0000930,SUPPORT,Christopher,Taylor,christopher.taylor469@yahoo.com,EM000469,8821009968,PH000469,AD000469,1966-01-08,469,feature request
R0000931,SUPPORT,Melanie,Rjvera,melanie.rivera470@gmail.com,EM000470,814-353-6822,PH000470,AD000470,1955-03-14,470,tech issue
R0000937,SUPPORT,Catherine,Turger,catherine.turner472@hotmail.com,EM000472,781-414-1397,PH000472,AD000472,1983-03-28,472,feature request
R0000941,SUPPORT,Edic,Lopez,eric.lopez474@gmail.com,EM000474,775-949-2995,PH000474,AD000474,1967-10-22,474,billing question
R0000942,SUPPORT,Kelsey,Walton,kelsey.walton475@yahoo.com,EM000475,(562) 053-3645,PH000475,AD000475,,475,billing question
R0000945,SUPPORT,Jghn,mane,john.lane476@hotmail.com,EM000476,257-775-4781,PH000476,AD000476,1971-01-01,476,tech issue
R0000948,SUPPORT,Robert,Bktler,robert.butler478@yahoo.com,EM000478,080-996-9308,PH000478,AD000478,1968-02-01,478,tech issue
R0000951,SUPPORT,Kathleen,Smith,kathleen.smith480@yahoo.com,EM000480,278-816-5803,PH000480,AD000480,1973-05-15,480,feature request
R0000953,SUPPORT,Cassandra,Rogers,cassandra.rogers481@hotmail.com,EM000481,+19282722992,PH000481,AD000481,1958-10-19,481,feature request
R0000957,SUPPORT,Misty,Ramirez,misty.ramirez482@hotmail.com,EM000482,+17503731453,PH000482,AD000482,2000-07-04,482,account access
R0000961,SUPPORT,Katie,Rcbinson,katie.robinson485@yahoo.com,EM000485,5918463865,PH000485,AD000485,1988-09-03,485,feature request
R0000964,SUPPORT,Tammy,Kim,tammy.kim486@gmail.com,EM000486,(577) 908-2723,PH000486,AD000486,1959-02-08,486,tech issue
R0000965,SUPPORT,Menissa,Finley,melissa.finley487@hotmail.com,EM000487,184-322-2591,PH000487,AD000487,1991-05-18,487,tech issue
R0000969,SUPPORT,Brittany,Rokriguez,brittany.rodriguez488@gmail.com,EM000488,+13651777392,PH000488,AD000488,1989-06-30,488,feature request
R0000970,SUPPORT,Timothy,Poole,timothy.poole489@yahoo.com,EM000489,603-029-9228,PH000489,AD000489,1977-02-17,489,account access
R0000973,SUPPORT,Matthew,Gregory,matthew.gregory490@yahoo.com,EM000490,(092) 024-2869,PH000490,AD000490,1961-07-29,490,billing question
R0000974,SUPPORT,Barbara,Ramos,barbara.ramos491@yahoo.com,EM000491,(904) 137-9772,PH000491,AD000491,1958-06-03,491,feature request
R0000979,SUPPORT,Darryl,Martinez,darryl.martinez493@hotmail.com,EM000493,579-913-6621,PH000493,AD000493,1958-12-16,493,account access
R0000982,SUPPORT,Cory,Brown,cory.brown494@hotmail.com,EM000494,(038) 862-9127,PH000494,AD000494,1997-09-29,494,billing question
R0000984,SUPPORT,Hector,Petmrs,hector.peters495@yahoo.com,EM000495,9908811729,PH000495,AD000495,1979-03-23,495,billing question
R0000986,SUPPORT,Tiffanh,Barrett,tiffany.barrett496@gmail.com,EM000496,806-865-0863,PH000496,AD000496,,496,tech issue
R0000989,SUPPORT,Rebecca,Ross,rebecca.ross498@gmail.com,EM000498,314-986-4300,PH000498,AD000498,1976-03-22,498,tech issue
R0000992,SUPPORT,Anthony,Munoz,anthony.munoz499@gmail.com,EM000499,+19818063565,PH000499,AD000499,1957-07-31,499,feature request
R0000995,SUPPORT,Kirsten,Martinez,kirsten.martinez500@hotmail.com,EM000500,(126) 944-8695,PH000500,AD000500,2000-11-18,500,billing question
R0000998,SUPPORT,arica,Kramer,erica.kramer501@hotmail.com,EM000501,(946) 368-8725,PH000501,AD000501,1978-11-24,501,billing question
R0001003,SUPPORT,Catherine,Oconnell,catherine.oconnell504@hotmail.com,EM000504,026-012-7961,PH000504,AD000504,1967-06-07,504,billing question
R0001004,SUPPORT,Marie,Rosales,marie.rosales505@gmail.com,EM000505,(143) 519-0669,PH000505,AD000505,1950-11-02,505,account access
R0001007,SUPPORT,Adam,Hammond,adam.hammond507@yahoo.com,EM000507,430-988-3920,PH000507,AD000507,1961-06-13,507,feature request
R0001011,SUPPORT,Tracy,Simpson,tracy.simpson509@hotmail.com,EM000509,(938) 011-8489,PH000509,AD000509,1966-07-13,509,feature request
R0001013,SUPPORT,Brett,Gallegos,brett.gallegos510@yahoo.com,EM000510,+15543937690,PH000510,AD000510,1958-04-06,510,account access
R0001015,SUPPORT,Michelle,Gamble,michelle.gamble511@gmail.com,EM000511,(426) 818-1845,PH000511,AD000511,1951-08-21,511,tech issue
R0001017,SUPPORT,Christina,Davis,christina.davis512@gmail.com,EM000512,184-894-7697,PH000512,AD000512,1967-03-30,512,tech issue
R0001018,SUPPORT,Luis,Williams,luis.williams513@gmail.com,EM000513,357-790-7141,PH000513,AD000513,1995-12-16,513,feature request
R0001022,SUPPORT,Alexander,Arnold,alexander.arnold514@gmail.com,EM000514,+16335658804,PH000514,AD000514,1994-12-19,514,tech issue
R0001026,SUPPORT,Theresa,Jacobson,theresa.jacobson516@yahoo.com,EM000516,539-423-7333,PH000516,AD000516,1997-08-25,516,feature request
R0001032,SUPPORT,Joseph,Gibbs,joseph.gibbs519@hotmail.com,EM000519,794-728-4639,PH000519,AD000519,1970-07-03,519,tech issue
R0001035,SUPPORT,Mark,Brown,mark.brown520@gmail.com,EM000520,(208) 678-0856,PH000520,AD000520,1964-04-24,520,tech issue
R0001037,SUPPORT,Bonnie,Morton,bonnie.morton521@yahoo.com,EM000521,2718750036,PH000521,AD000521,,521,account access
R0001041,SUPPORT,Derricf,Christensen,derrick.christensen523@gmail.com,EM000523,4795527636,PH000523,AD000523,1957-09-03,523,billing question
R0001048,SUPPORT,Jeffrey,Huber,jeffrey.huber526@yahoo.com,EM000526,026-728-8574,PH000526,AD000526,1997-03-13,526,feature request
R0001050,SUPPORT,Kevin,Roth,kevin.roth527@yahoo.com,EM000527,(489) 061-2034,PH000527,AD000527,1982-12-29,527,feature request
R0001054,SUPPORT,Lisa,Wilson,lisa.wilson528@yahoo.com,EM000528,7175455884,PH000528,AD000528,1976-07-06,528,tech issue
R0001059,SUPPORT,Brian,Rodriguez,brian.rodriguez531@hotmail.com,EM000531,+14722569961,PH000531,AD000531,1982-05-28,531,account access
R0001063,SUPPORT,Aigela,Gallegos,angela.gallegos533@hotmail.com,EM000533,4759876220,PH000533,AD000533,1997-07-22,533,account access
R0001064,SUPPORT,Taypor,Edwards,taylor.edwards534@hotmail.com,EM000534,+12341326111,PH000534,AD000534,1964-11-09,534,feature request
R0001071,SUPPORT,Thomas,Melton,thomas.melton537@gmail.com,EM000537,+18200557784,PH000537,AD000537,1974-12-15,537,feature request
R0001075,SUPPORT,Robert,Harvey,robert.harvey540@hotmail.com,EM000540,5642400825,PH000540,AD000540,,540,account access
R0001076,SUPPORT,Joyce,Sanchez,joyce.sanchez541@hotmail.com,EM000541,4780774064,PH000541,AD000541,1982-04-26,541,billing question
R0001077,SUPPORT,Dawn,Mccullough,dawn.mccullough542@yahoo.com,EM000542,9308536866,PH000542,AD000542,2000-11-17,542,feature request
R0001081,SUPPORT,Thomas,Ramirez,thomas.ramirez543@gmail.com,EM000543,3266341638,PH000543,AD000543,1982-08-26,543,feature request
R0001084,SUPPORT,Pattb,Patterson,patty.patterson545@yahoo.com,EM000545,(417) 974-9735,PH000545,AD000545,1988-08-09,545,account access
R0001087,SUPPORT,Adam,Hayes,adam.hayes547@gmail.com,EM000547,7031207356,PH000547,AD000547,1989-09-09,547,tech issue
R0001091,SUPPORT,Sara,Ellis,sara.ellis549@yahoo.com,EM000549,(618) 723-4601,PH000549,AD000549,1956-07-14,549,tech issue
R0001095,SUPPORT,James,Harrison,james.harrison551@gmail.com,EM000551,+17645208814,PH000551,AD000551,1985-10-01,551,feature request
R0001099,SUPPORT,Lori,Greene,lori.greene552@yahoo.com,EM000552,(743) 503-1365,PH000552,AD000552,1993-09-25,552,tech issue
R0001101,SUPPORT,Peter,Chandler,peter.chandler553@yahoo.com,EM000553,(024) 916-3009,PH000553,AD000553,1980-03-15,553,tech issue
R0001103,SUPPORT,Alexander,Carrillo,alexander.carrillo554@gmail.com,EM000554,+17925132719,PH000554,AD000554,1963-02-17,554,feature request
R0001105,SUPPORT,David,Thomas,david.thomas556@yahoo.com,EM000556,585-730-6524,PH000556,AD000556,1979-01-04,556,feature request
R0001108,SUPPORT,Nicholas,Edwards,nicholas.edwards557@yahoo.com,EM000557,077-848-7392,PH000557,AD000557,1985-12-10,557,account access
R0001110,SUPPORT,Judy,House,judy.house558@gmail.com,EM000558,8557498218,PH000558,AD000558,,558,billing question
R0001112,SUPPORT,fabriel,Harris,gabriel.harris560@hotmail.com,EM000560,(209) 593-5186,PH000560,AD000560,1952-09-25,560,feature request
R0001114,SUPPORT,Susan,King,susan.king561@yahoo.com,EM000561,3878294565,PH000561,AD000561,1960-04-21,561,account access
R0001116,SUPPORT,Kimberly,Martinez,kimberly.martinez562@yahoo.com,EM000562,+11181022031,PH000562,AD000562,1957-06-10,562,billing question
R0001118,SUPPORT,Ann,Moran,ann.moran563@hotmail.com,EM000563,+17310967899,PH000563,AD000563,1958-11-18,563,tech issue
R0001121,SUPPORT,Jennifer,Hill,jennifer.hill565@yahoo.com,EM000565,705-865-0948,PH000565,AD000565,1972-05-28,565,feature request
R0001128,SUPPORT,Alexander,Rojinson,alexander.robinson569@yahoo.com,EM000569,+18528975585,PH000569,AD000569,1965-04-28,569,billing question
R0001130,SUPPORT,Sabrina,Cruz,sabrina.cruz570@yahoo.com,EM000570,566-593-9836,PH000570,AD000570,1966-10-22,570,billing question
R0001134,SUPPORT,Allen,Murray,allen.murray571@yahoo.com,EM000571,+18457760049,PH000571,AD000571,1979-10-03,571,tech issue
R0001138,SUPPORT,Caitlyn,Gross,caitlyn.gross574@gmail.com,EM000574,(522) 459-3344,PH000574,AD000574,1995-10-05,574,feature request
R0001140,SUPPORT,Thomas,Cook,thomas.cook575@gmail.com,EM000575,+11969315727,PH000575,AD000575,1960-05-30,575,feature request
R0001146,SUPPORT,Mary,Martinez,mary.martinez579@yahoo.com,EM000579,(067) 998-1364,PH000579,AD000579,1951-07-01,579,feature request
R0001148,SUPPORT,Shawn,Robinson,shawn.robinson580@hotmail.com,EM000580,6225179086,PH000580,AD000580,1960-12-26,580,tech issue
R0001152,SUPPORT,Stepbanie,Reeves,stephanie.reeves581@gmail.com,EM000581,4168622783,PH000581,AD000581,1977-08-06,581,account access
R0001154,SUPPORT,Tpmmy,Gircia,tammy.garcia582@yahoo.com,EM000582,7693898331,PH000582,AD000582,1970-09-02,582,account access
R0001160,SUPPORT,Mary,Miller,mary.miller585@yahoo.com,EM000585,927-033-5211,PH000585,AD000585,1954-01-16,585,tech issue
R0001161,SUPPORT,Jacqueline,Black,jacqueline.black586@hotmail.com,EM000586,039-240-5147,PH000586,AD000586,1952-02-11,586,billing question
R0001164,SUPPORT,Marissa,Waalace,marissa.wallace587@gmail.com,EM000587,705-383-3884,PH000587,AD000587,1993-09-23,587,account access
R0001169,SUPPORT,Lauren,Marshall,lauren.marshall589@yahoo.com,EM000589,+12043940701,PH000589,AD000589,1999-08-22,589,feature request
R0001170,SUPPORT,Stjphen,Smith,stephen.smith590@gmail.com,EM000590,+16451046368,PH000590,AD000590,,590,account access
R0001172,SUPPORT,Sakdra,Jones,sandra.jones591@hotmail.com,EM000591,157-981-2387,PH000591,AD000591,1995-09-16,591,tech issue
R0001174,SUPPORT,Daniel,Villa,daniel.villa592@yahoo.com,EM000592,+18003845762,PH000592,AD000592,1957-10-05,592,feature request
R0001181,SUPPORT,Laurie,Gonzales,laurie.gonzales595@hotmail.com,EM000595,(689) 363-9264,PH000595,AD000595,1977-01-02,595,account access
R0001184,SUPPORT,Donald,Payne,donald.payne597@hotmail.com,EM000597,+12482629251,PH000597,AD000597,1953-04-11,597,billing question
R0001186,SUPPORT,Dalton,Crawford,dalton.crawford598@gmail.com,EM000598,8812520566,PH000598,AD000598,1997-10-05,598,billing question
R0001189,SUPPORT,David,Miles,david.miles599@hotmail.com,EM000599,+14742312209,PH000599,AD000599,1978-07-18,599,tech issue
R0001192,SUPPORT,Raymond,Sandoval,raymond.sandoval601@hotmail.com,EM000601,(517) 289-7526,PH000601,AD000601,1967-01-20,601,account access
R0001194,SUPPORT,Alison,Adams,alison.adams602@hotmail.com,EM000602,+17722330604,PH000602,AD000602,1975-10-11,602,feature request
R0001197,SUPPORT,hharon,Kent,sharon.kent605@yahoo.com,EM000605,998-808-1770,PH000605,AD000605,1989-05-27,605,tech issue
R0001201,SUPPORT,Jennifer,Mack,jennifer.mack606@yahoo.com,EM000606,388-608-6803,PH000606,AD000606,1977-04-15,606,account access
R0001205,SUPPORT,Megan,Robinson,megan.robinson608@gmail.com,EM000608,0827718129,PH000608,AD000608,1993-05-01,608,account access
R0001208,SUPPORT,Charles,Simmons,charles.simmons611@yahoo.com,EM000611,5186892686,PH000611,AD000611,1952-03-04,611,billing question
R0001215,SUPPORT,Christopher,Cpstro,christopher.castro614@gmail.com,EM000614,4077780973,PH000614,AD000614,1971-10-17,614,tech issue
R0001220,SUPPORT,David,Merritt,david.merritt617@yahoo.com,EM000617,502-099-4510,PH000617,AD000617,1982-11-26,617,feature request
R0001221,SUPPORT,Isabel,Quinn,isabel.quinn618@hotmail.com,EM000618,162-249-9982,PH000618,AD000618,1984-01-02,618,billing question
R0001223,SUPPORT,Matthew,Elliott,matthew.elliott619@hotmail.com,EM000619,795-014-5561,PH000619,AD000619,1970-01-09,619,billing question
R0001228,SUPPORT,Jcmes,Mpmahon,james.mcmahon621@hotmail.com,EM000621,683-390-1981,PH000621,AD000621,1995-12-11,621,billing question
R0001230,SUPPORT,Darren,Gomez,darren.gomez622@gmail.com,EM000622,+17946954899,PH000622,AD000622,1998-06-02,622,account access
R0001234,SUPPORT,Laura,Stewart,laura.stewart623@hotmail.com,EM000623,+15299787729,PH000623,AD000623,2000-05-09,623,billing question
R0001235,SUPPORT,Tyler,Anderson,tyler.anderson624@hotmail.com,EM000624,(343) 010-7139,PH000624,AD000624,1968-05-03,624,tech issue
R0001237,SUPPORT,Christina,Welch,christina.welch625@gmail.com,EM000625,6605583034,PH000625,AD000625,,625,feature request
R0001239,SUPPORT,Bruce,dngram,bruce.ingram627@yahoo.com,EM000627,(569) 902-3557,PH000627,AD000627,1986-11-29,627,account access
R0001241,SUPPORT,Jamie,Garrett,jamie.garrett628@hotmail.com,EM000628,7027278576,PH000628,AD000628,1977-05-08,628,tech issue
R0001243,SUPPORT,Michele,Perez,michele.perez629@gmail.com,EM000629,+10849588039,PH000629,AD000629,1997-04-05,629,feature request
R0001249,SUPPORT,Marie,Villarreal,marie.villarreal631@yahoo.com,EM000631,996-291-4504,PH000631,AD000631,1969-10-16,631,tech issue
R0001251,SUPPORT,Rebecca,Ferghson,rebecca.ferguson632@gmail.com,EM000632,+16173574384,PH000632,AD000632,1993-04-20,632,tech issue
R0001256,SUPPORT,Joy,Flobers,joy.flowers634@gmail.com,EM000634,+18235784521,PH000634,AD000634,1988-03-10,634,billing question
R0001258,SUPPORT,Michele,Haney,michele.haney635@gmail.com,EM000635,823-076-8104,PH000635,AD000635,,635,billing question
R0001261,SUPPORT,Tyler,Sims,tyler.sims636@hotmail.com,EM000636,091-570-1840,PH000636,AD000636,1986-01-16,636,tech issue
R0001264,SUPPORT,Gina,Lang,gina.lang637@hotmail.com,EM000637,+19435334485,PH000637,AD000637,1950-10-26,637,feature request
R0001270,SUPPORT,David,Boyd,david.boyd640@hotmail.com,EM000640,932-149-5870,PH000640,AD000640,1972-06-09,640,billing question
R0001273,SUPPORT,Megan,Moses,megan.moses642@hotmail.com,EM000642,299-795-4538,PH000642,AD000642,1996-01-12,642,tech issue
R0001279,SUPPORT,Sara,Osborn,sara.osborn645@hotmail.com,EM000645,+15770171577,PH000645,AD000645,1993-10-25,645,feature request
R0001281,SUPPORT,Jennifer,Edwards,jennifer.edwards646@hotmail.com,EM000646,+12459928161,PH000646,AD000646,1968-07-31,646,feature request
R0001284,SUPPORT,Christopher,Ramos,christopher.ramos647@yahoo.com,EM000647,(581) 487-6963,PH000647,AD000647,1956-04-17,647,tech issue
R0001288,SUPPORT,Ashlee,Ford,ashlee.ford648@gmail.com,EM000648,(938) 276-1539,PH000648,AD000648,1994-02-22,648,account access
R0001290,SUPPORT,Sherri,Hancock,sherri.hancock649@hotmail.com,EM000649,669-583-2197,PH000649,AD000649,1962-06-28,649,feature request
R0001294,SUPPORT,Tiffany,Green,tiffany.green650@yahoo.com,EM000650,+11997581724,PH000650,AD000650,1974-01-16,650,tech issue
R0001297,SUPPORT,Jacob,Taylor,jacob.taylor652@hotmail.com,EM000652,3290227846,PH000652,AD000652,1971-04-12,652,billing question
R0001299,SUPPORT,Kathrcn,Santana,kathryn.santana654@hotmail.com,EM000654,+15190986240,PH000654,AD000654,1959-12-07,654,feature request
R0001301,SUPPORT,Dahid,Cook,david.cook655@gmail.com,EM000655,(580) 085-1403,PH000655,AD000655,1955-11-27,655,feature request
R0001303,SUPPORT,Jack,Hodge,jack.hodge656@yahoo.com,EM000656,6965666683,PH000656,AD000656,1997-12-27,656,tech issue
R0001305,SUPPORT,Jason,Kennedy,jason.kennedy657@yahoo.com,EM000657,(272) 386-5624,PH000657,AD000657,2000-10-27,657,account access
R0001307,SUPPORT,Ryan,Morgan,ryan.morgan659@hotmail.com,EM000659,(267) 969-2786,PH000659,AD000659,1982-01-27,659,billing question
R0001311,SUPPORT,Richard,Wise,richard.wise661@yahoo.com,EM000661,(738) 468-9500,PH000661,AD000661,1955-11-18,661,feature request
R0001314,SUPPORT,Edward,Rogers,edward.rogers662@hotmail.com,EM000662,975-197-1284,PH000662,AD000662,1952-01-14,662,feature request
R0001315,SUPPORT,Amy,White,amy.white663@yahoo.com,EM000663,781-891-3718,PH000663,AD000663,1973-12-09,663,feature request
R0001320,SUPPORT,Teresa,Barker,teresa.barker664@gmail.com,EM000664,949-058-0778,PH000664,AD000664,2000-12-22,664,feature request
R0001321,SUPPORT,Nicole,Copelanh,nicole.copeland665@yahoo.com,EM000665,7956544209,PH000665,AD000665,1969-02-18,665,tech issue
R0001326,SUPPORT,Carol,Daugherty,carol.daugherty667@yahoo.com,EM000667,904-712-8144,PH000667,AD000667,1982-10-20,667,tech issue
R0001327,SUPPORT,Sarah,Smith,sarah.smith668@yahoo.com,EM000668,294-440-1929,PH000668,AD000668,2001-05-03,668,account access
R0001329,SUPPORT,Traci,Wood,traci.wood669@yahoo.com,EM000669,(275) 243-7280,PH000669,AD000669,1959-05-26,669,billing question
R0001333,SUPPORT,Nicholas,Rush,nicholas.rush670@gmail.com,EM000670,512-927-6637,PH000670,AD000670,1978-11-22,670,feature request
R0001334,SUPPORT,Rachel,Ramirez,rachel.ramirez671@yahoo.com,EM000671,2395041027,PH000671,AD000671,1961-02-12,671,tech issue
R0001336,SUPPORT,Sandra,Thompson,sandra.thompson672@yahoo.com,EM000672,6747836674,PH000672,AD000672,1952-05-30,672,account access
R0001339,SUPPORT,Christine,Taylor,christine.taylor673@hotmail.com,EM000673,286-047-6580,PH000673,AD000673,1991-05-11,673,account access
R0001341,SUPPORT,Nicole,Valdez,nicole.valdez674@hotmail.com,EM000674,+11856945441,PH000674,AD000674,1996-12-16,674,account access
R0001343,SUPPORT,Carrie,Fritz,carrie.fritz675@gmail.com,EM000675,+14967393852,PH000675,AD000675,1968-02-18,675,feature request
R0001347,SUPPORT,Kapen,Sherman,karen.sherman678@yahoo.com,EM000678,+10939111926,PH000678,AD000678,1999-01-04,678,account access
R0001350,SUPPORT,Michael,Rogero,michael.romero680@hotmail.com,EM000680,(654) 214-0665,PH000680,AD000680,1954-11-04,680,billing question
R0001354,SUPPORT,Matthew,Parker,matthew.parker681@gmail.com,EM000681,044-271-7396,PH000681,AD000681,2000-11-20,681,account access
R0001357,SUPPORT,Ian,Mayer,ian.mayer683@gmail.com,EM000683,+14101194707,PH000683,AD000683,1985-12-30,683,feature request
R0001360,SUPPORT,Kevin,Clark,kevin.clark684@gmail.com,EM000684,+12006425690,PH000684,AD000684,1951-02-02,684,account access
R0001365,SUPPORT,Kevin,kchaefer,kevin.schaefer687@yahoo.com,EM000687,+15851743280,PH000687,AD000687,1989-04-17,687,billing question
R0001368,SUPPORT,Emily,Morris,emily.morris688@gmail.com,EM000688,(634) 615-7173,PH000688,AD000688,1971-04-11,688,account access
R0001371,SUPPORT,Matthew,Gomez,matthew.gomez689@hotmail.com,EM000689,203-093-7618,PH000689,AD000689,1964-03-13,689,tech issue
R0001373,SUPPORT,Jason,Moran,jason.moran690@yahoo.com,EM000690,(478) 700-5050,PH000690,AD000690,1990-10-14,690,tech issue
R0001376,SUPPORT,Terry,Maddox,terry.maddox691@gmail.com,EM000691,6138782931,PH000691,AD000691,,691,tech issue
R0001379,SUPPORT,Mark,Rowe,mark.rowe692@yahoo.com,EM000692,(027) 079-0320,PH000692,AD000692,1959-12-30,692,tech issue
R0001382,SUPPORT,Lauren,Decker,lauren.decker694@gmail.com,EM000694,+11799313656,PH000694,AD000694,1989-06-28,694,tech issue
R0001383,SUPPORT,Sandra,Bishop,sandra.bishop695@gmail.com,EM000695,(519) 825-3092,PH000695,AD000695,1989-07-31,695,account access
R0001386,SUPPORT,Matthew,Rose,matthew.rose696@hotmail.com,EM000696,+15114262582,PH000696,AD000696,1981-08-02,696,billing question
R0001389,SUPPORT,Sarah,Barredt,sarah.barrett698@gmail.com,EM000698,(710) 021-9467,PH000698,AD000698,1963-12-15,698,account access
R0001392,SUPPORT,Tracie,Marsh,tracie.marsh700@yahoo.com,EM000700,+10927914560,PH000700,AD000700,1970-11-24,700,account access
R0001395,SUPPORT,Lgah,Cline,leah.cline702@hotmail.com,EM000702,3734031277,PH000702,AD000702,1992-12-27,702,billing question
R0001399,SUPPORT,Nethaniel,Skinner,nathaniel.skinner703@hotmail.com,EM000703,2200543645,PH000703,AD000703,1956-09-14,703,tech issue
R0001405,SUPPORT,Mariah,Duncan,mariah.duncan705@gmail.com,EM000705,8113799563,PH000705,AD000705,,705,tech issue
R0001406,SUPPORT,Jack,Hopkins,jack.hopkins706@yahoo.com,EM000706,531-531-3636,PH000706,AD000706,1963-11-26,706,billing question
R0001409,SUPPORT,Victoria,Chavez,victoria.chavez708@yahoo.com,EM000708,726-527-3543,PH000708,AD000708,,708,tech issue
R0001413,SUPPORT,Raymond,Pugh,raymond.pugh710@hotmail.com,EM000710,6253492929,PH000710,AD000710,1986-07-24,710,feature request
R0001415,SUPPORT,Garrett,Moore,garrett.moore711@hotmail.com,EM000711,831-687-3977,PH000711,AD000711,1982-04-14,711,billing question
R0001417,SUPPORT,darc,Griffmth,marc.griffith712@yahoo.com,EM000712,+14063356939,PH000712,AD000712,1977-01-22,712,feature request
R0001419,SUPPORT,Kristie,Lucas,kristie.lucas713@yahoo.com,EM000713,2906007806,PH000713,AD000713,1972-09-20,713,billing question
R0001426,SUPPORT,Ann,Monroe,ann.monroe717@yahoo.com,EM000717,+15701658046,PH000717,AD000717,1980-05-24,717,tech issue
R0001428,SUPPORT,Melissa,Berry,melissa.berry718@hotmail.com,EM000718,+14989319508,PH000718,AD000718,1967-09-09,718,feature request
R0001432,SUPPORT,Joy,Mullins,joy.mullins720@gmail.com,EM000720,281-832-5381,PH000720,AD000720,1998-07-29,720,feature request
R0001437,SUPPORT,Mary,Perry,mary.perry724@hotmail.com,EM000724,1624112412,PH000724,AD000724,1975-03-30,724,feature request
R0001441,SUPPORT,Rachel,Giles,rachel.giles725@yahoo.com,EM000725,+17238046827,PH000725,AD000725,1988-02-21,725,feature request
R0001445,SUPPORT,hvan,Lee,evan.lee729@hotmail.com,EM000729,+14025472928,PH000729,AD000729,1959-11-11,729,feature request
R0001447,SUPPORT,Nathaniel,Jackson,nathaniel.jackson731@hotmail.com,EM000731,274-523-8055,PH000731,AD000731,1965-04-18,731,account access
R0001450,SUPPORT,iheresa,Davis,theresa.davis732@hotmail.com,EM000732,(257) 828-4106,PH000732,AD000732,1952-07-02,732,account access
R0001451,SUPPORT,Christy,Mcconnell,christy.mcconnell733@gmail.com,EM000733,(727) 520-8854,PH000733,AD000733,1980-12-01,733,feature request
R0001453,SUPPORT,Sherry,Barnett,sherry.barnett734@gmail.com,EM000734,(749) 297-5170,PH000734,AD000734,1998-03-22,734,tech issue
R0001455,SUPPORT,Amanda,Long,amanda.long735@hotmail.com,EM000735,281-406-9375,PH000735,AD000735,1983-11-12,735,billing question
R0001459,SUPPORT,Brandon,Turner,brandon.turner737@gmail.com,EM000737,+10187186375,PH000737,AD000737,1964-04-16,737,account access
R0001462,SUPPORT,Tyler,Duncan,tyler.duncan738@hotmail.com,EM000738,+19980562656,PH000738,AD000738,1975-09-26,738,account access
R0001465,SUPPORT,Samantha,Morales,samantha.morales739@gmail.com,EM000739,(504) 554-7813,PH000739,AD000739,1951-02-18,739,billing question
R0001467,SUPPORT,Robert,Gutierrez,robert.gutierrez740@yahoo.com,EM000740,(767) 426-6299,PH000740,AD000740,1958-03-21,740,tech issue
R0001468,SUPPORT,Darius,Barrera,darius.barrera741@yahoo.com,EM000741,1234785196,PH000741,AD000741,1956-04-28,741,billing question
R0001470,SUPPORT,Angela,Jimenez,angela.jimenez742@gmail.com,EM000742,+11064628792,PH000742,AD000742,1992-04-22,742,account access
R0001472,SUPPORT,Nathan,Rodgers,nathan.rodgers743@yahoo.com,EM000743,+13264870494,PH000743,AD000743,1974-04-06,743,billing question
R0001473,SUPPORT,Steven,Valenzuela,steven.valenzuela744@gmail.com,EM000744,787-300-2447,PH000744,AD000744,1961-05-26,744,billing question
R0001476,SUPPORT,Douglas,Brandt,douglas.brandt745@gmail.com,EM000745,1462730147,PH000745,AD000745,1997-01-01,745,tech issue
R0001477,SUPPORT,Jesus,James,jesus.james746@hotmail.com,EM000746,+11959796471,PH000746,AD000746,1992-05-10,746,billing question
R0001481,SUPPORT,Paul,Kent,paul.kent747@gmail.com,EM000747,589-042-9025,PH000747,AD000747,1967-12-10,747,feature request
R0001486,SUPPORT,Patrick,Holmes,patrick.holmes751@gmail.com,EM000751,2028457652,PH000751,AD000751,1971-12-15,751,tech issue
R0001490,SUPPORT,Cheryl,Hines,cheryl.hines752@hotmail.com,EM000752,1328338988,PH000752,AD000752,1964-04-01,752,tech issue
R0001492,SUPPORT,Julia,Rubio,julia.rubio753@yahoo.com,EM000753,816-711-2075,PH000753,AD000753,1961-07-18,753,tech issue
R0001494,SUPPORT,Hailey,Meyers,hailey.meyers755@yahoo.com,EM000755,+11322342321,PH000755,AD000755,1960-08-10,755,feature request
R0001497,SUPPORT,Daniel,Donovan,daniel.donovan756@hotmail.com,EM000756,6110760310,PH000756,AD000756,1975-04-16,756,tech issue
R0001501,SUPPORT,Andrea,Anderson,andrea.anderson758@hotmail.com,EM000758,+11193932501,PH000758,AD000758,1973-04-11,758,feature request
R0001504,SUPPORT,Michael,Hunt,michael.hunt759@yahoo.com,EM000759,+12495528938,PH000759,AD000759,1958-02-28,759,billing question
R0001506,SUPPORT,Andrew,Anderson,andrew.anderson760@gmail.com,EM000760,911-908-3342,PH000760,AD000760,1955-03-24,760,feature request
R0001508,SUPPORT,Eric,Sims,eric.sims761@yahoo.com,EM000761,8013875927,PH000761,AD000761,1999-03-24,761,account access
R0001512,SUPPORT,Christopher,Flores,christopher.flores762@hotmail.com,EM000762,(125) 663-8361,PH000762,AD000762,1963-11-22,762,account access
R0001515,SUPPORT,Jose,Humphrey,jose.humphrey763@hotmail.com,EM000763,+15171827548,PH000763,AD000763,1970-08-18,763,tech issue
R0001518,SUPPORT,Carolyn,Hunter,carolyn.hunter764@yahoo.com,EM000764,+10157164794,PH000764,AD000764,1954-09-16,764,feature request
R0001519,SUPPORT,Troy,Orr,troy.orr765@gmail.com,EM000765,+17386463175,PH000765,AD000765,1970-11-13,765,tech issue
R0001523,SUPPORT,Kathryn,Edwards,kathryn.edwards766@hotmail.com,EM000766,(207) 167-8112,PH000766,AD000766,1960-02-08,766,tech issue
R0001525,SUPPORT,Joann,Cruz,joann.cruz767@gmail.com,EM000767,(669) 121-5353,PH000767,AD000767,1956-11-21,767,billing question
R0001526,SUPPORT,Allen,Kennedy,allen.kennedy768@yahoo.com,EM000768,(961) 367-4994,PH000768,AD000768,,768,tech issue
R0001532,SUPPORT,oolly,Winters,holly.winters771@yahoo.com,EM000771,170-269-5249,PH000771,AD000771,1960-07-13,771,tech issue
R0001535,SUPPORT,Cinly,Miller,cindy.miller772@yahoo.com,EM000772,911-877-3477,PH000772,AD000772,1992-09-02,772,billing question
R0001538,SUPPORT,Timothy,Thomas,timothy.thomas773@yahoo.com,EM000773,+18485880061,PH000773,AD000773,1951-03-07,773,feature request
R0001542,SUPPORT,Kenneth,Harris,kenneth.harris774@yahoo.com,EM000774,(675) 677-0028,PH000774,AD000774,1969-01-19,774,account access
R0001543,SUPPORT,atephen,Gonzalez,stephen.gonzalez775@hotmail.com,EM000775,4276246719,PH000775,AD000775,1952-03-02,775,account access
R0001547,SUPPORT,Curtis,Martin,curtis.martin777@hotmail.com,EM000777,647-969-5450,PH000777,AD000777,1977-05-20,777,feature request
R0001550,SUPPORT,Heather,Kelley,heather.kelley778@gmail.com,EM000778,(090) 255-9056,PH000778,AD000778,1953-04-22,778,account access
R0001553,SUPPORT,Jeffery,Hall,jeffery.hall779@gmail.com,EM000779,1655650333,PH000779,AD000779,1953-03-02,779,account access
R0001557,SUPPORT,Jonathan,Gonzabez,jonathan.gonzalez781@yahoo.com,EM000781,507-698-6407,PH000781,AD000781,1997-05-16,781,account access
R0001558,SUPPORT,Emily,Tanner,emily.tanner782@yahoo.com,EM000782,(905) 696-5917,PH000782,AD000782,1972-09-17,782,billing question
R0001563,SUPPORT,Ashley,Moore,ashley.moore784@gmail.com,EM000784,(637) 183-4404,PH000784,AD000784,2001-01-30,784,tech issue
R0001569,SUPPORT,Hannah,Patrick,hannah.patrick787@hotmail.com,EM000787,+14685366498,PH000787,AD000787,1987-06-30,787,feature request
R0001570,SUPPORT,Frank,Hopkins,frank.hopkins788@yahoo.com,EM000788,782-082-9737,PH000788,AD000788,1978-03-10,788,tech issue
R0001574,SUPPORT,Ranfy,Colon,randy.colon790@gmail.com,EM000790,+12324665136,PH000790,AD000790,1983-09-22,790,billing question
R0001576,SUPPORT,Daryl,dennis,daryl.dennis791@yahoo.com,EM000791,442-493-6312,PH000791,AD000791,1957-10-09,791,feature request
R0001579,SUPPORT,Tyler,Moon,tyler.moon792@hotmail.com,EM000792,(303) 477-8660,PH000792,AD000792,1995-06-16,792,billing question
R0001583,SUPPORT,Richard,Wolfe,richard.wolfe793@yahoo.com,EM000793,+13242044820,PH000793,AD000793,1976-07-20,793,feature request
R0001586,SUPPORT,Matjhew,Munoz,matthew.munoz795@yahoo.com,EM000795,162-319-8189,PH000795,AD000795,1984-11-21,795,account access
R0001588,SUPPORT,Secn,Shdw,sean.shaw796@yahoo.com,EM000796,8471391559,PH000796,AD000796,1957-11-24,796,account access
R0001590,SUPPORT,Gloria,nchmitt,gloria.schmitt797@gmail.com,EM000797,636-321-2347,PH000797,AD000797,1990-02-23,797,billing question
R0001595,SUPPORT,Megan,Perez,megan.perez798@yahoo.com,EM000798,649-078-5158,PH000798,AD000798,1975-07-01,798,tech issue
