document_id,title,url,published_at,source,word_count
DOC00000,Case Expert Stop Receive,https://kb.example/doc00000,2023-01-10,newsletter,3156
DOC00001,Property Remember Nearly Face Feel Church,https://kb.example/doc00001,2023-08-30,internal_wiki,1613
DOC00002,Room Possible Responsibility Add,https://kb.example/doc00002,2024-06-27,blog,3881
DOC00003,Pm Reflect Bar Suddenly,https://kb.example/doc00003,2024-11-17,newsletter,4965
DOC00004,Fear Yourself Last Give Stage,https://kb.example/doc00004,2023-11-20,internal_wiki,5022
DOC00005,Need Trial Scientist,https://kb.example/doc00005,2024-10-18,internal_wiki,6134
DOC00006,General Not Focus Establish Ago Others Ahead,https://kb.example/doc00006,2024-03-02,internal_wiki,7327
DOC00007,Former Back Get Floor,https://kb.example/doc00007,2024-12-22,blog,6454
DOC00008,Above Event Seven Collection,https://kb.example/doc00008,2023-06-08,internal_wiki,2344
DOC00009,Even History Surface Son Power Someone Both,https://kb.example/doc00009,2025-01-29,arxiv,6918
DOC00010,Beat She Join House Produce Listen Mouth Carry,https://kb.example/doc00010,2023-05-30,arxiv,2169
DOC00011,Pretty Wish Beautiful Every Human,https://kb.example/doc00011,2023-06-27,blog,4811
DOC00012,Federal She Something Others Someone Nature Country,https://kb.example/doc00012,2024-10-26,blog,1224
DOC00013,Girl Stage Indicate Test Thank Dinner,https://kb.example/doc00013,2023-03-21,internal_wiki,1778
DOC00014,Affect Test Power Discuss,https://kb.example/doc00014,2023-05-17,newsletter,1413
DOC00015,Hour Voice Occur Movie Political Region,https://kb.example/doc00015,2024-02-15,internal_wiki,6422
DOC00016,Particularly Reality Organization Skin Concern,https://kb.example/doc00016,2024-11-03,blog,2983
DOC00017,Later Week Democratic Few Born Size,https://kb.example/doc00017,2024-08-09,newsletter,7769
DOC00018,Suffer Executive Give Offer Meet If Research,https://kb.example/doc00018,2024-09-20,newsletter,6571
DOC00019,Republican Image Itself Deep Community Cause,https://kb.example/doc00019,2023-08-21,arxiv,7687
DOC00020,Major Affect Trade Peace,https://kb.example/doc00020,2023-11-06,newsletter,5588
DOC00021,Evidence Role Save East Force Often Through,https://kb.example/doc00021,2023-03-24,newsletter,3524
DOC00022,Wish Former Relate Listen Face Want Wonder,https://kb.example/doc00022,2023-07-24,internal_wiki,7611
DOC00023,Allow Process Or Light,https://kb.example/doc00023,2024-08-09,newsletter,1521
DOC00024,Effect Operation Make Hear We First,https://kb.example/doc00024,2023-08-07,internal_wiki,3512
DOC00025,Can Tell Soon Executive Sometimes Season Natural,https://kb.example/doc00025,2024-09-13,arxiv,7695
DOC00026,Instead Direction Soon Including Important Learn System,https://kb.example/doc00026,2024-08-19,blog,5905
DOC00027,Consider Require Fear Better Central Throw,https://kb.example/doc00027,2025-01-13,internal_wiki,3646
DOC00028,Three Really Site Artist Sort Area,https://kb.example/doc00028,2023-01-10,blog,4253
DOC00029,Prove Less Leave Bar Prevent Require,https://kb.example/doc00029,2024-02-06,arxiv,5249
DOC00030,About Point Walk Focus Plant,https://kb.example/doc00030,2023-02-08,newsletter,3713
DOC00031,Same Across Rise Offer Question,https://kb.example/doc00031,2024-03-09,internal_wiki,3653
DOC00032,Industry Leader Keep Government Light Expert Weight Minute,https://kb.example/doc00032,2023-05-19,newsletter,7108
DOC00033,Involve Others Account Lose Executive Bar,https://kb.example/doc00033,2024-04-19,newsletter,1540
DOC00034,Watch This Enough Card,https://kb.example/doc00034,2025-02-06,internal_wiki,1093
DOC00035,Time Page Concern Most,https://kb.example/doc00035,2023-01-30,blog,2389
DOC00036,Always Teacher Husband Tax True Can Happen,https://kb.example/doc00036,2023-12-26,newsletter,4578
DOC00037,Turn Bad Him Score Candidate Law Place,https://kb.example/doc00037,2023-05-28,newsletter,6189
DOC00038,Family Idea Order Morning Management,https://kb.example/doc00038,2023-10-11,newsletter,6470
DOC00039,Less Spend Challenge Exist,https://kb.example/doc00039,2024-10-09,newsletter,7170
DOC00040,Part Here Raise Adult Lot Hit Help,https://kb.example/doc00040,2024-10-15,blog,5535
DOC00041,First Crime Offer Treat Forget Sometimes,https://kb.example/doc00041,2023-03-20,arxiv,2149
DOC00042,Girl Huge Campaign Think,https://kb.example/doc00042,2024-09-11,arxiv,6262
DOC00043,Talk Side Generation Interest Pay Then,https://kb.example/doc00043,2024-11-06,arxiv,4642
DOC00044,Get Specific Someone Debate Record Mean,https://kb.example/doc00044,2024-03-24,arxiv,1776
DOC00045,End Western Conference,https://kb.example/doc00045,2023-12-16,newsletter,1597
DOC00046,Somebody Decide Best Politics Available,https://kb.example/doc00046,2025-01-27,arxiv,6458
DOC00047,Government South Window Short Affect Region,https://kb.example/doc00047,2025-01-23,internal_wiki,1398
DOC00048,That Up Probably Cut Clear Yard,https://kb.example/doc00048,2023-06-22,internal_wiki,5414
DOC00049,Property Garden Mind As,https://kb.example/doc00049,2024-04-18,blog,7240
DOC00050,Decide Side Natural Focus,https://kb.example/doc00050,2024-11-14,newsletter,1857
DOC00051,Article News Radio Believe Ability World Actually Force,https://kb.example/doc00051,2023-11-08,internal_wiki,3619
DOC00052,Could Become Throughout,https://kb.example/doc00052,2024-08-19,blog,7540
DOC00053,Best Always They List Local Short,https://kb.example/doc00053,2023-03-04,internal_wiki,4607
DOC00054,Follow Admit Appear Force,https://kb.example/doc00054,2023-09-14,blog,1683
DOC00055,Order Push Agreement Media,https://kb.example/doc00055,2024-10-22,internal_wiki,4884
DOC00056,Especially Treatment Employee Citizen Despite,https://kb.example/doc00056,2024-02-07,arxiv,2763
DOC00057,Clear Also Road Skin,https://kb.example/doc00057,2024-10-03,blog,5917
DOC00058,Staff Seat Religious Probably,https://kb.example/doc00058,2023-10-06,newsletter,1455
DOC00059,Off Prepare Response Stop,https://kb.example/doc00059,2024-06-16,internal_wiki,4780
DOC00060,Rich Every Change Help But Include,https://kb.example/doc00060,2023-02-27,arxiv,3712
DOC00061,Family Center Wide Identify Nice,https://kb.example/doc00061,2023-09-03,arxiv,2152
DOC00062,Artist Area Street Shake Mean Avoid,https://kb.example/doc00062,2023-11-02,internal_wiki,1677
DOC00063,Question Bad Clear Here,https://kb.example/doc00063,2024-02-03,blog,1698
DOC00064,Newspaper Move Radio,https://kb.example/doc00064,2024-05-18,internal_wiki,3538
DOC00065,Change According Hand Middle School Cold,https://kb.example/doc00065,2024-12-04,blog,1368
DOC00066,Population Spring Talk Off Body At,https://kb.example/doc00066,2025-03-07,blog,3423
DOC00067,Garden End Tell Still,https://kb.example/doc00067,2023-02-02,blog,4922
DOC00068,Close Issue Write Produce Ago,https://kb.example/doc00068,2024-09-13,arxiv,2048
DOC00069,Spring Economy Someone Police Year Accept Toward,https://kb.example/doc00069,2023-04-12,arxiv,7402
DOC00070,Little People Late Six,https://kb.example/doc00070,2025-02-27,blog,1027
DOC00071,Trouble About Stage Everything Forget Score,https://kb.example/doc00071,2023-01-24,blog,2571
DOC00072,Why Fear Trip Music Former Apply Staff Until,https://kb.example/doc00072,2023-05-03,blog,3415
DOC00073,Popular Huge Investment,https://kb.example/doc00073,2023-02-06,internal_wiki,2755
DOC00074,Size Mission Travel Reveal Rather Not Its,https://kb.example/doc00074,2024-03-17,internal_wiki,2490
DOC00075,Like Her Part Team,https://kb.example/doc00075,2023-11-06,internal_wiki,2219
DOC00076,Remember Million Hospital Trade Agree Population,https://kb.example/doc00076,2024-03-06,arxiv,1307
DOC00077,Main Her Year None Lay Tv,https://kb.example/doc00077,2024-01-24,arxiv,5326
DOC00078,Trouble Else Third Leg Simply Big,https://kb.example/doc00078,2024-01-04,internal_wiki,4143
DOC00079,Bed Television Land Stay,https://kb.example/doc00079,2023-05-25,arxiv,2494
DOC00080,Soon Suggest Both Left Eye Learn Want Gas,https://kb.example/doc00080,2024-04-02,internal_wiki,2826
DOC00081,Father Seem Too Prove Right Old Just,https://kb.example/doc00081,2024-01-16,internal_wiki,4667
DOC00082,Cover Stay Them Wide Control Campaign,https://kb.example/doc00082,2023-07-10,internal_wiki,5642
DOC00083,Stock Appear Court Him It Reach Democrat,https://kb.example/doc00083,2024-04-23,internal_wiki,1057
DOC00084,Property Floor Us Ok Success Color Involve,https://kb.example/doc00084,2024-07-17,newsletter,6524
DOC00085,Others Short Why Chance Three Cell Most,https://kb.example/doc00085,2024-09-02,arxiv,3726
DOC00086,System Feel Stay Agent Performance,https://kb.example/doc00086,2024-09-18,internal_wiki,6765
DOC00087,School Over Special Sport,https://kb.example/doc00087,2023-05-31,internal_wiki,7838
DOC00088,Green Day Majority Perhaps Phone,https://kb.example/doc00088,2023-09-27,newsletter,7814
DOC00089,By Once Collection Figure Describe Sister Themselves,https://kb.example/doc00089,2024-08-11,internal_wiki,6656
DOC00090,Sit Someone May Home Eight Now,https://kb.example/doc00090,2024-06-15,blog,1948
DOC00091,Your Quite Themselves Tonight Ball Action,https://kb.example/doc00091,2025-02-21,blog,4005
DOC00092,Now Machine Interview,https://kb.example/doc00092,2023-01-25,internal_wiki,1609
DOC00093,Quickly Quickly Case Policy Cultural Kitchen As,https://kb.example/doc00093,2024-12-24,blog,1322
DOC00094,Television Foreign Environmental Garden To Arm,https://kb.example/doc00094,2025-02-28,arxiv,5121
DOC00095,Trial Media Alone Science Thousand Sport Add Example,https://kb.example/doc00095,2023-07-14,newsletter,2876
DOC00096,Cover Question Drop About Per Truth,https://kb.example/doc00096,2023-06-06,internal_wiki,7840
DOC00097,Remain Someone Without,https://kb.example/doc00097,2024-04-24,blog,7910
DOC00098,Own Season Old Just Their Pay Mrs,https://kb.example/doc00098,2023-02-23,blog,6538
DOC00099,Rule Receive Health Lot Oil Cup,https://kb.example/doc00099,2023-11-23,newsletter,3733
DOC00100,Something Enter Rock Western Ten Management Describe,https://kb.example/doc00100,2023-06-17,blog,1552
DOC00101,Direction Three Big Break,https://kb.example/doc00101,2024-02-12,newsletter,1044
DOC00102,Industry Nice Federal Together Around,https://kb.example/doc00102,2024-08-10,blog,7486
DOC00103,But Green Choice Than Her Player Result,https://kb.example/doc00103,2024-08-01,newsletter,7364
DOC00104,Expert General Manage,https://kb.example/doc00104,2023-03-30,blog,6244
DOC00105,Friend Analysis Race Much Environment Interesting Nature,https://kb.example/doc00105,2023-07-16,internal_wiki,5040
DOC00106,Important Door Name Town Project,https://kb.example/doc00106,2024-01-09,arxiv,7031
DOC00107,Serve Note Recent Land Trip Majority Center Will,https://kb.example/doc00107,2024-03-25,internal_wiki,4787
DOC00108,Develop Subject Down North Property Beat,https://kb.example/doc00108,2023-12-01,newsletter,7789
DOC00109,Section Certain Western Write,https://kb.example/doc00109,2024-10-31,newsletter,4224
DOC00110,Relationship Congress Car,https://kb.example/doc00110,2023-01-03,newsletter,1191
DOC00111,Expect Road Computer Want,https://kb.example/doc00111,2024-07-01,blog,4721
DOC00112,Senior Short Prepare Debate Perform Around,https://kb.example/doc00112,2024-06-24,internal_wiki,3620
DOC00113,Situation Lose Difficult Ground Bank,https://kb.example/doc00113,2024-05-03,newsletter,3008
DOC00114,Next Past Same Effect Course,https://kb.example/doc00114,2023-09-04,arxiv,4699
DOC00115,Network Author Take That Just,https://kb.example/doc00115,2023-05-20,blog,1160
DOC00116,Pick Help Head Democrat Hear Standard Exactly Under,https://kb.example/doc00116,2023-10-26,newsletter,2083
DOC00117,Suddenly Class Anything Organization Support Through,https://kb.example/doc00117,2025-02-03,blog,4294
DOC00118,Not Window Remain Quite Able Partner,https://kb.example/doc00118,2024-09-21,arxiv,1237
DOC00119,Color Anything Test Huge Loss,https://kb.example/doc00119,2023-05-01,blog,6494
DOC00120,Event Charge Positive,https://kb.example/doc00120,2023-07-11,arxiv,914
DOC00121,Decide Use Administration Allow Glass Strong,https://kb.example/doc00121,2023-02-08,internal_wiki,7340
DOC00122,Miss Sometimes Church Front,https://kb.example/doc00122,2024-02-13,blog,6389
DOC00123,Popular Far Skill Close Difficult Also,https://kb.example/doc00123,2024-09-26,blog,7497
DOC00124,Most Upon Appear Two Officer Read Administration,https://kb.example/doc00124,2023-04-15,newsletter,1234
DOC00125,Across Deal Ability Health Travel,https://kb.example/doc00125,2024-11-14,internal_wiki,2312
DOC00126,Across About Down Onto Past Woman Sure,https://kb.example/doc00126,2025-01-29,arxiv,7397
DOC00127,Summer Education Particularly Lead Out Thus Treatment Him,https://kb.example/doc00127,2025-01-24,newsletter,5337
DOC00128,Shake Election Possible Argue Bar Exist Glass Responsibility,https://kb.example/doc00128,2023-08-18,arxiv,2427
DOC00129,Design Walk Simply Determine Player Station Color,https://kb.example/doc00129,2023-08-08,arxiv,5604
DOC00130,Because Song Pretty Toward Foot,https://kb.example/doc00130,2023-02-20,arxiv,5667
DOC00131,Certainly Drive Admit Election Dog,https://kb.example/doc00131,2023-08-27,internal_wiki,7997
DOC00132,Feeling Example Recognize Table Community Relationship Pm,https://kb.example/doc00132,2023-04-16,blog,1723
DOC00133,East Nice Group Past Three A,https://kb.example/doc00133,2025-01-21,arxiv,1319
DOC00134,Debate Cell Several Evidence Good,https://kb.example/doc00134,2023-04-13,newsletter,7180
DOC00135,Option Name Ready Field Series Benefit Boy,https://kb.example/doc00135,2024-07-23,newsletter,4981
DOC00136,Camera Ok Up Teach Me Tend Mr,https://kb.example/doc00136,2023-10-12,internal_wiki,4791
DOC00137,Success Speak Draw Table Trade Tell,https://kb.example/doc00137,2023-06-22,newsletter,1903
DOC00138,Job Ever Capital Great,https://kb.example/doc00138,2023-06-17,arxiv,6464
DOC00139,Begin Force Space Idea President,https://kb.example/doc00139,2024-04-29,internal_wiki,3963
DOC00140,Lay Between Happy Anything For,https://kb.example/doc00140,2024-11-22,arxiv,4571
DOC00141,Agreement Own Staff Reveal Amount Go Response,https://kb.example/doc00141,2025-02-17,newsletter,1857
DOC00142,Level Enter Special Modern Police Country,https://kb.example/doc00142,2023-03-16,blog,5240
DOC00143,Method Town Front Education Stop More,https://kb.example/doc00143,2024-09-05,arxiv,7375
DOC00144,Sit Either Evidence Grow Security Clear He Four,https://kb.example/doc00144,2024-10-23,newsletter,2211
DOC00145,Serve Truth Remain Quality Lay Recognize Me,https://kb.example/doc00145,2023-07-21,blog,5217
DOC00146,Though Effect Life,https://kb.example/doc00146,2024-02-20,internal_wiki,1416
DOC00147,Parent Line Common,https://kb.example/doc00147,2023-06-18,internal_wiki,1116
DOC00148,Individual Operation Discover Be Better Rate,https://kb.example/doc00148,2024-02-10,blog,5614
DOC00149,Machine Protect Community Question Reflect Drop Up,https://kb.example/doc00149,2025-02-01,arxiv,1798
DOC00150,Stuff Cup Political Discover However And,https://kb.example/doc00150,2024-08-29,internal_wiki,7306
DOC00151,Drug Step Pm Rate Quickly,https://kb.example/doc00151,2023-05-28,blog,6949
DOC00152,Can North Scene Benefit Although Check,https://kb.example/doc00152,2025-02-12,arxiv,1962
DOC00153,System In Create Establish,https://kb.example/doc00153,2024-05-27,internal_wiki,3355
DOC00154,Put Part Lot Relate Free,https://kb.example/doc00154,2023-01-18,arxiv,3213
DOC00155,Floor Yourself Second Father,https://kb.example/doc00155,2024-01-28,arxiv,1677
DOC00156,Increase Worry Through Woman Not Inside,https://kb.example/doc00156,2023-03-30,internal_wiki,7276
DOC00157,Sense Military Me,https://kb.example/doc00157,2024-02-09,blog,2129
DOC00158,Stop Image Laugh Author Carry Region,https://kb.example/doc00158,2024-05-25,newsletter,2926
DOC00159,Game Everything Successful Party Five,https://kb.example/doc00159,2023-01-11,newsletter,6146
DOC00160,Vote Take Act Customer Eight House Quickly,https://kb.example/doc00160,2023-03-31,blog,5490
DOC00161,Person Everyone Democrat Listen Require Claim,https://kb.example/doc00161,2023-08-20,newsletter,5558
DOC00162,Program Word Across Who Choose Watch,https://kb.example/doc00162,2024-08-26,newsletter,3702
DOC00163,While Stop Simply Certain Boy Relationship,https://kb.example/doc00163,2023-03-10,newsletter,7648
DOC00164,Find Sell Argue Himself Reduce Reveal Each Operation,https://kb.example/doc00164,2023-08-19,newsletter,7698
DOC00165,Site Save Design Give Culture,https://kb.example/doc00165,2024-01-30,arxiv,3176
DOC00166,Maybe Pattern Avoid A,https://kb.example/doc00166,2024-08-02,newsletter,4483
DOC00167,Understand Fact Call Price Thank,https://kb.example/doc00167,2023-04-28,newsletter,1245
DOC00168,Class Movie International Project Animal Human,https://kb.example/doc00168,2023-06-09,blog,4556
DOC00169,View Safe Eat Image Citizen Easy Choice,https://kb.example/doc00169,2023-02-26,blog,2713
DOC00170,Pull Oil Enough Break Bar If,https://kb.example/doc00170,2025-01-26,arxiv,2754
DOC00171,Light It Owner Alone Professor Maybe Growth Structure,https://kb.example/doc00171,2024-07-24,internal_wiki,6481
DOC00172,Million Take True Necessary Big Buy Memory,https://kb.example/doc00172,2023-08-06,blog,2523
DOC00173,Sit Leader Response Without,https://kb.example/doc00173,2024-02-12,newsletter,6915
DOC00174,Others Term Whatever Herself,https://kb.example/doc00174,2024-03-11,internal_wiki,6425
DOC00175,City Since Body Break No Still Best,https://kb.example/doc00175,2023-11-25,newsletter,5735
DOC00176,Report Mr Accept Tonight,https://kb.example/doc00176,2023-11-20,arxiv,4246
DOC00177,Special Decision Spend Reality,https://kb.example/doc00177,2023-08-14,internal_wiki,5827
DOC00178,Today Move Court Indicate Somebody,https://kb.example/doc00178,2025-01-09,blog,7613
DOC00179,Material Make Sure Bag You,https://kb.example/doc00179,2023-09-13,blog,7753
DOC00180,Hour Pm Behind Process,https://kb.example/doc00180,2023-08-13,blog,4112
DOC00181,Week Remember Audience,https://kb.example/doc00181,2023-04-01,arxiv,1382
DOC00182,Live Quickly City,https://kb.example/doc00182,2023-04-16,arxiv,828
DOC00183,Thought Before Others Above Tend Sense Hold,https://kb.example/doc00183,2024-06-28,internal_wiki,6332
DOC00184,Report Professor Kind Character Cup,https://kb.example/doc00184,2024-10-20,blog,2533
DOC00185,Three Society Enough,https://kb.example/doc00185,2024-01-10,newsletter,3372
DOC00186,Yard Long Model Personal What Exist,https://kb.example/doc00186,2024-01-30,internal_wiki,1421
DOC00187,Dream National Word,https://kb.example/doc00187,2024-05-05,newsletter,4322
DOC00188,Red Today Example Security Camera Probably,https://kb.example/doc00188,2024-07-27,blog,6283
DOC00189,Major Of Get,https://kb.example/doc00189,2023-04-01,arxiv,3657
DOC00190,Yeah Story Beyond Line Dog Themselves,https://kb.example/doc00190,2023-11-12,newsletter,1122
DOC00191,Democratic Use Ever Note Imagine Focus Month,https://kb.example/doc00191,2024-03-09,blog,2926
DOC00192,Amount Analysis Than Inside Need,https://kb.example/doc00192,2024-01-30,arxiv,7709
DOC00193,Wish Experience Lawyer Expert Brother Recognize Head Forget,https://kb.example/doc00193,2023-10-27,arxiv,6931
DOC00194,List Suffer Close Environmental,https://kb.example/doc00194,2024-11-14,arxiv,6112
DOC00195,Great Improve President Without Central Process,https://kb.example/doc00195,2024-12-24,internal_wiki,4129
DOC00196,Rest Alone Particular Purpose Campaign She,https://kb.example/doc00196,2024-01-07,newsletter,1910
DOC00197,See Simple Such End Individual Hotel Head,https://kb.example/doc00197,2023-04-06,internal_wiki,1560
DOC00198,Time Answer Development Operation Seat,https://kb.example/doc00198,2024-08-29,internal_wiki,3044
DOC00199,Practice Sell Remain Certain Glass,https://kb.example/doc00199,2024-12-23,newsletter,4304
DOC00200,Together Drive Fish Establish Suggest Sort Art,https://kb.example/doc00200,2025-02-06,newsletter,7248
DOC00201,Court Series Will They True Bit Thousand,https://kb.example/doc00201,2023-09-05,newsletter,2231
DOC00202,Only Central Similar Skin Stock Foot Method,https://kb.example/doc00202,2023-11-15,arxiv,5287
DOC00203,You Nor Might True Suddenly Art,https://kb.example/doc00203,2024-07-25,blog,5695
DOC00204,Base Eat Politics Maybe,https://kb.example/doc00204,2024-07-19,arxiv,2221
DOC00205,Rich Over Rest,https://kb.example/doc00205,2024-11-09,blog,7948
DOC00206,Character Debate Development Under Clearly Decision Management Analysis,https://kb.example/doc00206,2025-01-24,internal_wiki,5515
DOC00207,Save Dog Listen Agency Finish Save Follow,https://kb.example/doc00207,2024-01-17,internal_wiki,5327
DOC00208,Machine Property Reason,https://kb.example/doc00208,2024-10-23,internal_wiki,5507
DOC00209,Sense Control Break Decision Pay Yard Main,https://kb.example/doc00209,2025-03-01,newsletter,4417
DOC00210,Short Whom Better Surface Age College,https://kb.example/doc00210,2024-07-06,arxiv,6452
DOC00211,Music Appear Concern Feel Home,https://kb.example/doc00211,2025-03-10,internal_wiki,2207
DOC00212,Foot Alone Health Budget,https://kb.example/doc00212,2024-12-02,newsletter,5128
DOC00213,Draw Bank Up Family Baby,https://kb.example/doc00213,2024-11-13,newsletter,3337
DOC00214,Give Team Dream Single Worry Year Door,https://kb.example/doc00214,2024-07-12,blog,6477
DOC00215,Evidence Contain Above Girl Put End,https://kb.example/doc00215,2023-09-05,arxiv,6622
DOC00216,Name Help About Treat,https://kb.example/doc00216,2023-06-30,blog,1823
DOC00217,Because East Second Learn,https://kb.example/doc00217,2024-02-22,newsletter,6597
DOC00218,Ask Public Add Sell Employee,https://kb.example/doc00218,2024-08-04,newsletter,3373
DOC00219,Try Magazine Reach Tv,https://kb.example/doc00219,2023-02-16,blog,2944
DOC00220,Music Skill Walk,https://kb.example/doc00220,2023-01-05,newsletter,938
DOC00221,Occur Study Firm,https://kb.example/doc00221,2024-08-04,internal_wiki,7053
DOC00222,Fly Ten Nice,https://kb.example/doc00222,2023-05-24,blog,6002
DOC00223,Pick Bit Main Imagine Keep Operation Special,https://kb.example/doc00223,2023-06-14,newsletter,5822
DOC00224,Include Yourself Camera Far,https://kb.example/doc00224,2023-05-15,blog,5790
DOC00225,Up Huge Suggest Call Ago West Law Remain,https://kb.example/doc00225,2024-08-18,blog,6893
DOC00226,Let Chair Animal,https://kb.example/doc00226,2023-05-26,newsletter,5410
DOC00227,Someone Important Purpose Option,https://kb.example/doc00227,2023-08-18,arxiv,4735
DOC00228,Clearly Behind Box Bad Fear Memory Find,https://kb.example/doc00228,2023-02-24,newsletter,1507
DOC00229,Case Leave Back Agreement Republican Suggest,https://kb.example/doc00229,2023-03-10,arxiv,1086
DOC00230,Home Knowledge Whom Those Lay,https://kb.example/doc00230,2025-02-24,blog,7913
DOC00231,Wait Conference Something,https://kb.example/doc00231,2024-11-22,blog,7422
DOC00232,Audience Language Structure Administration Begin Like,https://kb.example/doc00232,2023-01-25,internal_wiki,2490
DOC00233,Affect Goal Beat,https://kb.example/doc00233,2024-01-12,arxiv,3606
DOC00234,Note Movement Sort Oil,https://kb.example/doc00234,2024-01-24,newsletter,3274
DOC00235,Serve Both Deep Type Pretty,https://kb.example/doc00235,2024-02-26,internal_wiki,4396
DOC00236,Whom Face Exactly Body Single Body Yeah,https://kb.example/doc00236,2025-01-29,newsletter,7702
DOC00237,Begin Full Fear Glass Feeling World Nothing,https://kb.example/doc00237,2024-06-26,blog,1688
DOC00238,Attack Today Camera Wide Better Friend Some,https://kb.example/doc00238,2024-09-04,blog,4913
DOC00239,Product Cover Son What Green,https://kb.example/doc00239,2025-02-24,arxiv,856
DOC00240,Star Trouble Quickly,https://kb.example/doc00240,2024-11-09,internal_wiki,2425
DOC00241,Meet One Voice Sign Agent,https://kb.example/doc00241,2025-02-28,internal_wiki,6030
DOC00242,Quality Quickly Art Common,https://kb.example/doc00242,2023-11-14,newsletter,5894
DOC00243,Break Last Early Wind Character Bad,https://kb.example/doc00243,2023-07-05,newsletter,7263
DOC00244,Successful Collection Sing Role Value Project,https://kb.example/doc00244,2024-05-26,arxiv,2902
DOC00245,Student Face Someone Staff Rock Least Spring Lay,https://kb.example/doc00245,2023-05-07,newsletter,3204
DOC00246,Measure Floor Thought Opportunity Project Yes,https://kb.example/doc00246,2024-04-29,newsletter,3910
DOC00247,Source Accept Experience Must,https://kb.example/doc00247,2024-09-05,blog,2418
DOC00248,Either Lot Until We Eat Argue,https://kb.example/doc00248,2024-07-19,internal_wiki,5491
DOC00249,About Us Oil Cover Statement Door,https://kb.example/doc00249,2024-02-28,arxiv,7494
DOC00250,Language Enough Step Single Large Would,https://kb.example/doc00250,2024-11-02,internal_wiki,3008
DOC00251,Keep Attention Tend Action Political School,https://kb.example/doc00251,2023-03-28,blog,4781
DOC00252,Voice Themselves Most Cold Yet Table Enough,https://kb.example/doc00252,2024-04-03,blog,7775
DOC00253,Actually General Window Life Society,https://kb.example/doc00253,2024-11-16,blog,5251
DOC00254,Hold In Child Room,https://kb.example/doc00254,2024-05-27,newsletter,4267
DOC00255,Evidence Change Role Leader,https://kb.example/doc00255,2023-08-15,blog,3130
DOC00256,Light White Six Relationship Live Start Three,https://kb.example/doc00256,2023-06-02,arxiv,3700
DOC00257,Card Save Certain Window,https://kb.example/doc00257,2023-04-27,blog,5375
DOC00258,Have Memory Support Individual,https://kb.example/doc00258,2024-06-21,arxiv,4936
DOC00259,Walk Act Can World Beautiful No One Sign,https://kb.example/doc00259,2024-12-08,blog,4595
DOC00260,Few Table Medical,https://kb.example/doc00260,2023-12-19,internal_wiki,2297
DOC00261,Whom Summer Debate Detail Act,https://kb.example/doc00261,2025-02-24,internal_wiki,7201
DOC00262,Government Team Nature Travel Approach Best Moment,https://kb.example/doc00262,2023-03-28,newsletter,7585
DOC00263,Throw Peace Data Focus Open Else,https://kb.example/doc00263,2024-04-19,newsletter,7178
DOC00264,See Many Factor Knowledge Professor Everyone,https://kb.example/doc00264,2024-06-07,newsletter,7089
DOC00265,Ten Laugh Leader Beyond Weight Number,https://kb.example/doc00265,2024-01-31,blog,3996
DOC00266,Church Pm Region Yard,https://kb.example/doc00266,2023-09-29,blog,6960
DOC00267,Arrive Value Deep Food Total Head,https://kb.example/doc00267,2023-03-10,newsletter,3554
DOC00268,Ten Guy Phone,https://kb.example/doc00268,2023-09-25,blog,3223
DOC00269,Card Production Election Energy Safe Well Win,https://kb.example/doc00269,2024-12-15,blog,1052
DOC00270,Consumer They Picture Social Way Nice,https://kb.example/doc00270,2024-11-13,internal_wiki,1704
DOC00271,Agreement Lay Wish Break System Science Staff,https://kb.example/doc00271,2023-04-14,blog,1817
DOC00272,Stage Son Operation Own,https://kb.example/doc00272,2023-03-28,arxiv,4252
DOC00273,Present Common Indicate Design General,https://kb.example/doc00273,2024-06-11,internal_wiki,1686
DOC00274,Unit In Those Road Style,https://kb.example/doc00274,2024-09-08,blog,5974
DOC00275,Less Then Admit Home Final,https://kb.example/doc00275,2025-03-02,newsletter,4780
DOC00276,Beautiful Senior Decision Strong South Threat Now Expect,https://kb.example/doc00276,2024-07-14,internal_wiki,4182
DOC00277,Catch True In Store,https://kb.example/doc00277,2023-11-23,newsletter,7321
DOC00278,Assume Value Suffer His Run Artist,https://kb.example/doc00278,2023-05-31,arxiv,5050
DOC00279,Than Edge Meeting Material,https://kb.example/doc00279,2024-05-23,internal_wiki,6359
DOC00280,Cut Chair Fine Notice Live Wear,https://kb.example/doc00280,2024-11-24,blog,1300
DOC00281,Member He But,https://kb.example/doc00281,2025-02-19,newsletter,5707
DOC00282,Southern Identify Task Answer Process Quickly,https://kb.example/doc00282,2023-04-03,newsletter,2796
DOC00283,Subject Collection Buy Child Drive,https://kb.example/doc00283,2023-02-04,arxiv,6513
DOC00284,Brother Those Again Half No,https://kb.example/doc00284,2024-08-12,newsletter,4878
DOC00285,Morning Carry Event Tell Prevent Direction,https://kb.example/doc00285,2024-12-08,blog,5990
DOC00286,Improve Box With Partner Gun Letter Prepare,https://kb.example/doc00286,2023-06-08,blog,6730
DOC00287,Recent Tv Establish Baby Just Occur Bag,https://kb.example/doc00287,2024-12-07,arxiv,3980
DOC00288,Note Until Dark Fast,https://kb.example/doc00288,2023-01-27,newsletter,6047
DOC00289,Win Certainly Group Media,https://kb.example/doc00289,2024-02-11,arxiv,5075
DOC00290,Recent What And No Force Include,https://kb.example/doc00290,2023-06-02,internal_wiki,1741
DOC00291,Material Too Consumer Picture,https://kb.example/doc00291,2023-02-05,newsletter,6109
DOC00292,National Produce Mrs Away Act Eight Factor Ever,https://kb.example/doc00292,2024-10-13,arxiv,2116
DOC00293,Down Deal Success Purpose Body,https://kb.example/doc00293,2023-05-14,internal_wiki,3772
DOC00294,Economic Car Every Health Case Certainly Safe Protect,https://kb.example/doc00294,2024-04-02,newsletter,6629
DOC00295,Special Special Myself Once Region Upon Gas,https://kb.example/doc00295,2024-11-12,arxiv,874
DOC00296,Various Themselves Thing Prepare,https://kb.example/doc00296,2024-01-29,arxiv,3467
DOC00297,Own Keep Scientist Western Cost Deep,https://kb.example/doc00297,2023-10-30,newsletter,7048
DOC00298,Push History Suffer Than,https://kb.example/doc00298,2025-01-17,arxiv,5669
DOC00299,Plan Still Question Term,https://kb.example/doc00299,2023-10-26,internal_wiki,7224
DOC00300,Theory Fact Season Turn Political Interesting,https://kb.example/doc00300,2024-04-19,arxiv,2883
DOC00301,Author Authority Rule Suggest Technology Safe,https://kb.example/doc00301,2025-03-11,blog,7917
DOC00302,Test Air Need Travel,https://kb.example/doc00302,2023-10-27,arxiv,5303
DOC00303,Present Us Operation She,https://kb.example/doc00303,2023-10-27,internal_wiki,3784
DOC00304,Pattern Financial Somebody Eat Structure Ahead,https://kb.example/doc00304,2023-10-12,internal_wiki,4801
DOC00305,Argue Understand Him Pull,https://kb.example/doc00305,2024-05-18,newsletter,5779
DOC00306,Move Beat Apply However Blue,https://kb.example/doc00306,2023-01-16,arxiv,3428
DOC00307,Age Shake Expert Talk Some Meeting Chance,https://kb.example/doc00307,2025-01-03,blog,3950
DOC00308,Until Process Term Than,https://kb.example/doc00308,2025-02-05,internal_wiki,5507
DOC00309,Model Specific Seven Ever Huge,https://kb.example/doc00309,2024-10-05,internal_wiki,7728
DOC00310,Indicate Read Man Machine Ability Happen,https://kb.example/doc00310,2023-07-13,blog,5411
DOC00311,Father Yard Way Raise,https://kb.example/doc00311,2024-05-06,internal_wiki,4878
DOC00312,Fill How Trouble Want Lose Nothing Well,https://kb.example/doc00312,2024-07-25,arxiv,3934
DOC00313,Spend Effect Explain Month,https://kb.example/doc00313,2023-08-20,newsletter,4006
DOC00314,Window Join Eye Tell Local,https://kb.example/doc00314,2024-09-17,arxiv,6005
DOC00315,Maintain Customer Matter Lose Perhaps Mind Fear Energy,https://kb.example/doc00315,2024-02-03,internal_wiki,7924
DOC00316,Middle Color See Matter Resource Body,https://kb.example/doc00316,2025-03-04,newsletter,7792
DOC00317,Word Start Win Next,https://kb.example/doc00317,2024-09-12,newsletter,6005
DOC00318,Various Deep Admit Quickly Board Others,https://kb.example/doc00318,2024-02-13,arxiv,1228
DOC00319,From Current Expect Better Understand,https://kb.example/doc00319,2024-10-16,blog,3729
DOC00320,Nor Study Scene Wall,https://kb.example/doc00320,2024-04-13,internal_wiki,3215
DOC00321,Cause Tend Ten Send,https://kb.example/doc00321,2023-07-03,internal_wiki,6647
DOC00322,Conference Seek Throw,https://kb.example/doc00322,2024-08-12,blog,6607
DOC00323,Along Information Best Beat Particular Seat Rich,https://kb.example/doc00323,2024-02-17,newsletter,5206
DOC00324,Pressure Help Cell Sing,https://kb.example/doc00324,2024-11-26,blog,4262
DOC00325,Wrong Difficult Reduce Professor,https://kb.example/doc00325,2023-12-12,newsletter,7772
DOC00326,Development Everybody Usually Life Various Community Might,https://kb.example/doc00326,2024-06-24,arxiv,4468
DOC00327,Program You Stop Seem Performance Increase Do Work,https://kb.example/doc00327,2023-04-04,internal_wiki,840
DOC00328,Use Each Chance Cultural,https://kb.example/doc00328,2024-01-06,newsletter,3076
DOC00329,Show Next News Industry Growth Church,https://kb.example/doc00329,2024-03-10,internal_wiki,1907
DOC00330,New Security People Newspaper,https://kb.example/doc00330,2023-09-09,arxiv,7121
DOC00331,Nice Great Debate Word,https://kb.example/doc00331,2023-02-04,newsletter,2582
DOC00332,Carry Lawyer Bad Catch Information Nature,https://kb.example/doc00332,2024-10-27,internal_wiki,6047
DOC00333,Film Last Pick,https://kb.example/doc00333,2024-06-04,arxiv,3290
DOC00334,Sound Special Reflect Gun Detail Have Mention,https://kb.example/doc00334,2025-01-13,arxiv,5009
DOC00335,Range Relate Face,https://kb.example/doc00335,2024-02-21,newsletter,6789
DOC00336,Without Republican Choose Similar Environment,https://kb.example/doc00336,2023-01-19,internal_wiki,6524
DOC00337,Hotel Us Star Matter Rise,https://kb.example/doc00337,2023-09-06,newsletter,5046
DOC00338,Exactly Write Edge Rise Try Oil,https://kb.example/doc00338,2023-06-12,arxiv,1286
DOC00339,Situation Want Live Age Can Leg,https://kb.example/doc00339,2023-11-15,newsletter,5299
DOC00340,Soon Family Six Out Painting Image Hot,https://kb.example/doc00340,2024-09-17,newsletter,5027
DOC00341,Game Case Life Test Name Likely Use,https://kb.example/doc00341,2023-01-14,arxiv,3790
DOC00342,Dream Bed Type Mission And Especially Up,https://kb.example/doc00342,2024-02-04,blog,5382
DOC00343,Professor When Its Democrat Security Build,https://kb.example/doc00343,2023-09-25,newsletter,6051
DOC00344,Big Book Charge Feel,https://kb.example/doc00344,2023-08-21,arxiv,4863
DOC00345,Prove Spring Drug Allow Board Put,https://kb.example/doc00345,2023-10-02,arxiv,4949
DOC00346,Pressure Half Far Financial Develop,https://kb.example/doc00346,2025-03-10,blog,4317
DOC00347,Expert Approach Rich Space Education Difficult,https://kb.example/doc00347,2023-03-02,blog,3629
DOC00348,Floor Not Hour Knowledge Situation Indicate Door,https://kb.example/doc00348,2024-08-03,internal_wiki,1786
DOC00349,Game Off Behind Arm Husband Soldier,https://kb.example/doc00349,2023-05-18,internal_wiki,1240
DOC00350,Long Democratic Man Both,https://kb.example/doc00350,2024-03-21,newsletter,3526
DOC00351,Power Food Choice North Animal Appear Bag Material,https://kb.example/doc00351,2023-10-30,newsletter,6734
DOC00352,Provide Recently Data Serve Quality,https://kb.example/doc00352,2024-12-23,newsletter,5030
DOC00353,Maybe Door Yard Office Factor,https://kb.example/doc00353,2025-01-10,blog,7895
DOC00354,High Media Help,https://kb.example/doc00354,2024-07-19,blog,2328
DOC00355,Stock Fear Top All Interest Sure Just,https://kb.example/doc00355,2023-08-01,newsletter,1900
DOC00356,As Yard Medical Ability Maybe Effect Rate,https://kb.example/doc00356,2024-12-17,blog,948
DOC00357,Candidate Myself Tell Above,https://kb.example/doc00357,2025-01-28,blog,6387
DOC00358,Box Ask Prepare Expert Treatment,https://kb.example/doc00358,2024-04-01,newsletter,2267
DOC00359,Thing Republican Our Him,https://kb.example/doc00359,2023-04-29,arxiv,2527
DOC00360,List Final Child Write During Idea Environmental Agreement,https://kb.example/doc00360,2023-08-26,blog,1715
DOC00361,Mention Camera Actually Minute Never No,https://kb.example/doc00361,2023-06-24,internal_wiki,1074
DOC00362,Long Month Culture Hair Prevent Accept East,https://kb.example/doc00362,2024-08-27,blog,5523
DOC00363,Window Member Network,https://kb.example/doc00363,2024-05-04,newsletter,1509
DOC00364,How Traditional Plant Population Wide Right Receive,https://kb.example/doc00364,2024-03-06,internal_wiki,3709
DOC00365,Sell Yeah Then Great Rule Turn Of,https://kb.example/doc00365,2023-08-19,arxiv,6507
DOC00366,Rich Sit Police Figure Source But System,https://kb.example/doc00366,2024-12-21,blog,1961
DOC00367,Toward Well Or Show,https://kb.example/doc00367,2023-02-24,blog,3213
DOC00368,Writer Fish Condition Receive Job Effort,https://kb.example/doc00368,2024-08-02,newsletter,2131
DOC00369,Party According Top Many Perhaps Office Move,https://kb.example/doc00369,2023-07-01,internal_wiki,4059
DOC00370,Why Common Number Consumer Director Language Bill Read,https://kb.example/doc00370,2023-03-23,internal_wiki,5774
DOC00371,See Cut Nor Early Season Answer Probably Production,https://kb.example/doc00371,2023-11-09,internal_wiki,5052
DOC00372,Magazine Four Nor Attorney,https://kb.example/doc00372,2023-11-13,arxiv,7338
DOC00373,Government Effort Walk,https://kb.example/doc00373,2024-09-19,arxiv,6376
DOC00374,Other Hope Rock Race,https://kb.example/doc00374,2024-08-25,arxiv,3073
DOC00375,Will Together Fund,https://kb.example/doc00375,2023-07-14,arxiv,6947
DOC00376,Power Attack Yes About Admit Whatever Hear,https://kb.example/doc00376,2024-06-21,arxiv,3514
DOC00377,Current Similar Method Peace Her Lawyer Very Direction,https://kb.example/doc00377,2024-08-15,internal_wiki,3215
DOC00378,Trial Matter Individual Minute Current,https://kb.example/doc00378,2025-01-06,newsletter,7408
DOC00379,Affect Stuff Foreign She Threat Worker,https://kb.example/doc00379,2024-12-12,newsletter,4743
DOC00380,Several World Physical Could Product However Factor Major,https://kb.example/doc00380,2024-02-02,arxiv,858
DOC00381,Fact Nice Then Open Bank Her Low,https://kb.example/doc00381,2024-02-18,newsletter,3560
DOC00382,Detail Assume Federal Should Your Above,https://kb.example/doc00382,2023-12-26,arxiv,2585
DOC00383,Better Attention Tough Environment,https://kb.example/doc00383,2023-07-07,newsletter,6829
DOC00384,Key Clear Plant Face Make Term,https://kb.example/doc00384,2024-10-07,newsletter,7868
DOC00385,Visit Close Letter Court General Lawyer Likely,https://kb.example/doc00385,2024-06-08,newsletter,7936
DOC00386,Network Response Wear Money New,https://kb.example/doc00386,2023-09-19,internal_wiki,5105
DOC00387,Leg Late Call,https://kb.example/doc00387,2023-06-03,blog,1958
DOC00388,Very Tell Give Ground,https://kb.example/doc00388,2024-03-19,arxiv,7734
DOC00389,Result Song Involve Family Interesting Control Economic Government,https://kb.example/doc00389,2024-02-05,newsletter,5193
DOC00390,Environmental Both Simply North Evening Building Staff,https://kb.example/doc00390,2024-06-14,internal_wiki,859
DOC00391,Wall Win Respond Pattern Happy Government Place,https://kb.example/doc00391,2024-10-15,newsletter,2759
DOC00392,Environmental Everybody Campaign Miss Else Movement Beautiful Ever,https://kb.example/doc00392,2023-03-07,newsletter,3083
DOC00393,Prove Fill Age War,https://kb.example/doc00393,2024-11-29,newsletter,3035
DOC00394,Mission Leg People,https://kb.example/doc00394,2024-05-14,arxiv,2122
DOC00395,Region Public Role Whose,https://kb.example/doc00395,2023-03-10,blog,2732
DOC00396,These Investment Huge Former Military Education Onto,https://kb.example/doc00396,2024-12-09,arxiv,3449
DOC00397,Produce Skill Wind Beautiful,https://kb.example/doc00397,2024-10-27,blog,2719
DOC00398,Include Box Middle Science Low,https://kb.example/doc00398,2024-06-13,arxiv,7345
DOC00399,Sport End Major Base Up Decide Everybody Son,https://kb.example/doc00399,2023-04-01,arxiv,6111
