entity_id,label,entity_type,wikidata_qid
ENT00000,Ethan Adams,person,Q3356986
ENT00001,HotPink White,product,Q32868928
ENT00002,"Walter, Edwards and Rios",organization,Q18728563
ENT00003,Thomas Ellis,person,Q90825167
ENT00004,Donaldside,place,Q11668832
ENT00005,Juliechester,place,Q56629488
ENT00006,Jennifer Robinson,person,Q3999415
ENT00007,Ms. Ann Williams MD,person,Q29345192
ENT00008,"Moore, Becker and Carlson",organization,Q67827738
ENT00009,Jamesmouth,place,Q3561697
ENT00010,Tashatown,place,Q26687637
ENT00011,Lake Nicoleview,place,Q56307097
ENT00012,"Peterson, Carter and Moore",organization,Q60291917
ENT00013,Lake Nancyview,place,Q37338224
ENT00014,Pamela Romero,person,Q21429210
ENT00015,Born Truth Quarterly,publication,Q45667751
ENT00016,Lime Thought,product,Q20868205
ENT00017,"Romero, Gonzalez and Brooks",organization,Q45177055
ENT00018,Troy Nielsen,person,Q12448236
ENT00019,Why A Quarterly,publication,Q12981152
ENT00020,MediumBlue Middle,product,Q46165055
ENT00021,North Sarahport,place,Q35503489
ENT00022,David Bradley,person,Q97943042
ENT00023,Bar Bed Quarterly,publication,Q71971416
ENT00024,Rose Spence,person,Q50806124
ENT00025,Beth Keller,person,Q74093739
ENT00026,FireBrick Evidence,product,Q84374705
ENT00027,Brandtside,place,Q48537931
ENT00028,Lake Larry,place,Q25808637
ENT00029,Marie Kim DDS,person,Q6150544
ENT00030,Wright Inc,organization,Q38841094
ENT00031,Kevin Hall,person,Q31244763
ENT00032,Benjamin Welch,person,Q51019778
ENT00033,Khaki Author,product,Q60855800
ENT00034,BlanchedAlmond Trade,product,Q21831163
ENT00035,MediumPurple Avoid,product,Q47683726
ENT00036,"Young, Caldwell and Lewis",organization,Q89949489
ENT00037,DarkSeaGreen Several,product,Q94196827
ENT00038,Laura Kennedy,person,Q81756279
ENT00039,Aguirre-Lee,organization,Q71691140
ENT00040,Hopkins LLC,organization,Q21931611
ENT00041,Land Item Quarterly,publication,Q50929747
ENT00042,SeaGreen Treat,product,Q85899413
ENT00043,Lake Deniseville,place,Q29476349
ENT00044,Chocolate Interesting,product,Q7507964
ENT00045,"Morgan, Hensley and Wright",organization,Q4308521
ENT00046,Gold Not,product,Q53843526
ENT00047,RosyBrown Challenge,product,Q8883784
ENT00048,White-Ford,organization,Q76125717
ENT00049,Crimson Level,product,Q28538351
ENT00050,System Training Quarterly,publication,Q53100914
ENT00051,Total Oil Quarterly,publication,Q19176000
ENT00052,DarkGreen Apply,product,Q18740964
ENT00053,"Kidd, Huff and Novak",organization,Q99990828
ENT00054,East Richard,place,Q72340407
ENT00055,SkyBlue Different,product,Q78461903
ENT00056,Treatment Institution Quarterly,publication,Q78320563
ENT00057,Weight Artist Quarterly,publication,Q48586440
ENT00058,Gray Group,organization,Q18566672
ENT00059,Saramouth,place,Q66238674
ENT00060,Michael Cross,person,Q6323952
ENT00061,Mary Tucker,person,Q20514114
ENT00062,Phillips Inc,organization,Q91332742
ENT00063,Particularly Simply Quarterly,publication,Q80048765
ENT00064,Nicole Brown,person,Q51642694
ENT00065,Pattern Me Quarterly,publication,Q79978890
ENT00066,Morning Wide Quarterly,publication,Q71016625
ENT00067,Wheat Coach,product,Q74252822
ENT00068,Jordan York,person,Q91306193
ENT00069,Barry Hensley,person,Q91497716
ENT00070,Wilsonshire,place,Q35812770
ENT00071,LightBlue Particular,product,Q14972379
ENT00072,BlueViolet President,product,Q58353304
ENT00073,Barnes PLC,organization,Q60897865
ENT00074,Emily Green,person,Q96917655
ENT00075,Maroon Edge,product,Q67187630
ENT00076,Foster-Powers,organization,Q68139980
ENT00077,Eugene Walton,person,Q83926471
ENT00078,Cornsilk Act,product,Q85758449
ENT00079,Howellshire,place,Q81734698
ENT00080,Jones and Sons,organization,Q20513839
ENT00081,Tan Evidence,product,Q21682844
ENT00082,West Nicole,place,Q71182964
ENT00083,Jaclyn Moore,person,Q80389081
ENT00084,YellowGreen Score,product,Q65579648
ENT00085,William Roman,person,Q15014731
ENT00086,Wheat Across,product,Q41273947
ENT00087,"Montoya, Evans and Alvarado",organization,Q7774684
ENT00088,Baker Inc,organization,Q76149459
ENT00089,Brittney Campbell,person,Q11496311
ENT00090,Develop Series Quarterly,publication,Q9289646
ENT00091,Jamesview,place,Q16879390
ENT00092,"Freeman, Whitehead and Mathis",organization,Q88550356
ENT00093,Best Protect Quarterly,publication,Q73793489
ENT00094,Calderon-Williams,organization,Q35575398
ENT00095,Kellieview,place,Q81415757
ENT00096,Color Site Quarterly,publication,Q28427173
ENT00097,Arnoldchester,place,Q97969789
ENT00098,"Smith, Jones and Ware",organization,Q95690491
ENT00099,DeepPink Offer,product,Q53551939
ENT00100,Blue They,product,Q58800897
ENT00101,Brandiberg,place,Q60597544
ENT00102,Andrew Diaz,person,Q33273428
ENT00103,Nolan and Sons,organization,Q8593510
ENT00104,LightBlue Reflect,product,Q2823270
ENT00105,West Kimberlychester,place,Q74346188
ENT00106,"Brady, Frost and Young",organization,Q78979195
ENT00107,Cherry and Sons,organization,Q965238
ENT00108,Allison Doyle,person,Q95004903
ENT00109,Timothy Pham,person,Q30728146
ENT00110,Rita Adams,person,Q4216275
ENT00111,DarkMagenta Idea,product,Q9510412
ENT00112,Port Thomasborough,place,Q31944541
ENT00113,Salmon Hard,product,Q89788777
ENT00114,Focus Tend Quarterly,publication,Q28754477
ENT00115,East Andrew,place,Q17758695
ENT00116,South Mark,place,Q77337918
ENT00117,Treatment Available Quarterly,publication,Q32614637
ENT00118,Spring Family Quarterly,publication,Q54634763
ENT00119,May-Ross,organization,Q12660294
ENT00120,Ms. Teresa Wilson,person,Q88447267
ENT00121,Every Could Quarterly,publication,Q47553114
ENT00122,Partner Evidence Quarterly,publication,Q55177313
ENT00123,American Boy Quarterly,publication,Q97855004
ENT00124,Haley Hartman,person,Q90377559
ENT00125,William Wilson,person,Q8135395
ENT00126,We Part Quarterly,publication,Q97739273
ENT00127,Gold Environmental,product,Q14665941
ENT00128,Fletcher Inc,organization,Q25714884
ENT00129,"Frost, Ryan and Ball",organization,Q71979155
ENT00130,Site Since Quarterly,publication,Q18815049
ENT00131,Religious Debate Quarterly,publication,Q24627447
ENT00132,Moccasin Lawyer,product,Q62092988
ENT00133,Rush LLC,organization,Q10118088
ENT00134,Price Former Quarterly,publication,Q73863513
ENT00135,Belinda Mccullough,person,Q6789950
ENT00136,Elizabethmouth,place,Q1980865
ENT00137,Edward Martinez,person,Q31726418
ENT00138,Ortega-Gray,organization,Q54548071
ENT00139,Smile Weight Quarterly,publication,Q64606933
ENT00140,Gilbert LLC,organization,Q53826816
ENT00141,Roy Torres,person,Q22097320
ENT00142,Develop Law Quarterly,publication,Q289389
ENT00143,Stock Particularly Quarterly,publication,Q35595051
ENT00144,Policy Real Quarterly,publication,Q38285603
ENT00145,Fund Make Quarterly,publication,Q93495028
ENT00146,Ramosborough,place,Q88834963
ENT00147,Much Material Quarterly,publication,Q20776578
ENT00148,"Jackson, Miller and Robertson",organization,Q39823550
ENT00149,"Harvey, Davis and Crane",organization,Q7849594
ENT00150,Lake Lance,place,Q98749072
ENT00151,East Andrew,place,Q8181686
ENT00152,LemonChiffon May,product,Q7672693
ENT00153,Patricia Gibson,person,Q78407089
ENT00154,Various Professional Quarterly,publication,Q67491535
ENT00155,Lake Heather,place,Q21130363
ENT00156,David Douglas Jr.,person,Q68159687
ENT00157,Patricia Rodriguez,person,Q24941104
ENT00158,Christopher Rubio,person,Q79864360
ENT00159,Amber Wright,person,Q90625594
ENT00160,Bryant Group,organization,Q54193937
ENT00161,Victoria Larson,person,Q76460639
ENT00162,Salazar-Ball,organization,Q77701300
ENT00163,Rivasside,place,Q5334135
ENT00164,Merrittfort,place,Q11003726
ENT00165,Listen Event Quarterly,publication,Q88231232
ENT00166,Port Dana,place,Q75863573
ENT00167,Simsview,place,Q42462541
ENT00168,Purple Bank,product,Q27415305
ENT00169,LightSlateGray Easy,product,Q32035986
ENT00170,LightPink Government,product,Q53121577
ENT00171,Orozco-Miller,organization,Q90152835
ENT00172,DeepPink During,product,Q61367743
ENT00173,OliveDrab Rule,product,Q9736672
ENT00174,Daniel Perry,person,Q61510141
ENT00175,Amychester,place,Q75563827
ENT00176,Ross Price,person,Q9832987
ENT00177,Port Nicoleshire,place,Q28609187
ENT00178,Woodsstad,place,Q35594697
ENT00179,Molina-Castaneda,organization,Q46843272
ENT00180,Jennifer Adkins,person,Q32787399
ENT00181,YellowGreen Such,product,Q38250460
ENT00182,"Hurst, Freeman and Nelson",organization,Q58812237
ENT00183,Johnsonmouth,place,Q94427630
ENT00184,PaleGreen Shake,product,Q82098099
ENT00185,Port Tanner,place,Q1050099
ENT00186,New Amanda,place,Q40182035
ENT00187,Leslie Alvarado,person,Q18024348
ENT00188,DarkBlue Question,product,Q15492673
ENT00189,Sean White,person,Q99645580
ENT00190,Nicholasborough,place,Q20863965
ENT00191,SaddleBrown General,product,Q37816786
ENT00192,Kathleenfurt,place,Q28270333
ENT00193,LightSeaGreen Soldier,product,Q27326468
ENT00194,PeachPuff Entire,product,Q67834955
ENT00195,They Beat Quarterly,publication,Q33705023
ENT00196,Paul Williams,person,Q12388190
ENT00197,Hard Door Quarterly,publication,Q37135491
ENT00198,Rachael Pearson,person,Q475994
ENT00199,Black End,product,Q17558417
ENT00200,Green Those,product,Q21687265
ENT00201,Again Pretty Quarterly,publication,Q74045392
ENT00202,Claim Edge Quarterly,publication,Q75283745
ENT00203,Michael Elliott,person,Q15015558
ENT00204,Michael Wang,person,Q92747183
ENT00205,Obrien Ltd,organization,Q73227989
ENT00206,Paula Martin,person,Q49555430
ENT00207,Danieltown,place,Q74158763
ENT00208,Johnston-Odonnell,organization,Q57685096
ENT00209,Sanders-Espinoza,organization,Q5614274
ENT00210,Crimson Person,product,Q48942797
ENT00211,Lori Garcia,person,Q48024442
ENT00212,Jefferson-Burke,organization,Q91545541
ENT00213,Hogan PLC,organization,Q89514387
ENT00214,Hannah Patterson,person,Q47470042
ENT00215,Caseymouth,place,Q54543149
ENT00216,Port Robertfort,place,Q20743897
ENT00217,Hamilton LLC,organization,Q21810717
ENT00218,"Snow, Stevens and Hernandez",organization,Q55337319
ENT00219,Joseph Santos,person,Q24073480
ENT00220,WhiteSmoke Stage,product,Q55259305
ENT00221,Marshall-Petersen,organization,Q35810156
ENT00222,"Adams, Christian and Rivas",organization,Q94124065
ENT00223,Stephen Sanchez,person,Q51343980
ENT00224,Leonard Gray,person,Q63175045
ENT00225,Snyder LLC,organization,Q26786311
ENT00226,Court Method Quarterly,publication,Q46930459
ENT00227,HotPink Hear,product,Q30547449
ENT00228,Peterson-Beard,organization,Q3176286
ENT00229,"Beard, Peters and Black",organization,Q53481298
ENT00230,Gold Bed,product,Q37393569
ENT00231,Jason Peters,person,Q37463622
ENT00232,LawnGreen Rock,product,Q86098321
ENT00233,Brewerfort,place,Q53644024
ENT00234,Mcguireland,place,Q44446282
ENT00235,Jared Sanchez,person,Q15481007
ENT00236,NavajoWhite Material,product,Q23967066
ENT00237,Ronaldside,place,Q35630392
ENT00238,Michael Nelson,person,Q14549643
ENT00239,Jerryborough,place,Q58326260
ENT00240,Maroon Call,product,Q97783762
ENT00241,WhiteSmoke Sound,product,Q58571895
ENT00242,East Javier,place,Q68642141
ENT00243,Dr. William Warren,person,Q51700155
ENT00244,Tinaborough,place,Q25512041
ENT00245,LightYellow Dream,product,Q5957559
ENT00246,Herself Country Quarterly,publication,Q227099
ENT00247,Alexisside,place,Q72269903
ENT00248,Hill Inc,organization,Q48885078
ENT00249,On Final Quarterly,publication,Q9391825
ENT00250,DarkSalmon Pull,product,Q83638603
ENT00251,SlateGray Board,product,Q89038459
ENT00252,Laura Harrison,person,Q96603881
ENT00253,Purple Grow,product,Q68064930
ENT00254,GhostWhite Approach,product,Q89508950
ENT00255,Entire Yeah Quarterly,publication,Q43779628
ENT00256,Training Mean Quarterly,publication,Q93577829
ENT00257,DarkOrange Term,product,Q74412083
ENT00258,Morales Inc,organization,Q25748441
ENT00259,Part Professional Quarterly,publication,Q89245417
ENT00260,Rich Argue Quarterly,publication,Q90908175
ENT00261,Hernandez PLC,organization,Q82613113
ENT00262,Christopherbury,place,Q40392908
ENT00263,By Open Quarterly,publication,Q73542987
ENT00264,Lisa Gibbs,person,Q40785505
ENT00265,Ivory Stand,product,Q28210342
ENT00266,Necessary Husband Quarterly,publication,Q77844339
ENT00267,Kerrport,place,Q87873201
ENT00268,Pink Focus,product,Q62409758
ENT00269,Outside Pressure Quarterly,publication,Q59345783
ENT00270,Lynch Ltd,organization,Q68608712
ENT00271,Bit Yourself Quarterly,publication,Q98779173
ENT00272,Garrett LLC,organization,Q88429550
ENT00273,Brooke Thompson,person,Q38089266
ENT00274,East Aaronmouth,place,Q89101053
ENT00275,Carterbury,place,Q44988306
ENT00276,Douglas Heath,person,Q31523629
ENT00277,Cornsilk Right,product,Q30150859
ENT00278,Bradshaw Ltd,organization,Q19777614
ENT00279,Regina Gonzalez,person,Q6202800
ENT00280,Stephens Ltd,organization,Q63771820
ENT00281,West Margaret,place,Q9774939
ENT00282,Away As Quarterly,publication,Q55625430
ENT00283,Port Kyle,place,Q26096755
ENT00284,Smile Thank Quarterly,publication,Q66354280
ENT00285,Outside Will Quarterly,publication,Q32747137
ENT00286,Gonzales-Harrison,organization,Q88054715
ENT00287,James Nelson,person,Q14306004
ENT00288,Notice Minute Quarterly,publication,Q29372460
ENT00289,Miller-Williams,organization,Q93403797
ENT00290,Navarroview,place,Q62350930
ENT00291,Darryl Craig,person,Q74813839
ENT00292,"Matthews, Smith and Hubbard",organization,Q16288575
ENT00293,Term Exist Quarterly,publication,Q17896571
ENT00294,Part Amount Quarterly,publication,Q89600866
ENT00295,South April,place,Q75017782
ENT00296,Moonburgh,place,Q42587110
ENT00297,Pay Least Quarterly,publication,Q82228902
ENT00298,Costafort,place,Q57276274
ENT00299,Rickymouth,place,Q59849611
ENT00300,"Garcia, Martin and Jenkins",organization,Q99811843
ENT00301,Mission Fight Quarterly,publication,Q60407440
ENT00302,PaleGoldenRod Teach,product,Q33184055
ENT00303,Blue Look,product,Q69967776
ENT00304,Behavior Forward Quarterly,publication,Q84120851
ENT00305,Morris-Cordova,organization,Q36855945
ENT00306,International Treatment Quarterly,publication,Q10399739
ENT00307,Thistle Thank,product,Q31473295
ENT00308,AliceBlue Really,product,Q45076793
ENT00309,Yellow Maintain,product,Q72498104
ENT00310,Cody Cox,person,Q18572352
ENT00311,Garrett-Wolf,organization,Q31039490
ENT00312,Democrat Example Quarterly,publication,Q93140467
ENT00313,"Anderson, Roberts and Gilmore",organization,Q94814072
ENT00314,Martinez-Dudley,organization,Q8620750
ENT00315,Politics Successful Quarterly,publication,Q54707161
ENT00316,LawnGreen Security,product,Q72828134
ENT00317,Cold Foreign Quarterly,publication,Q55804373
ENT00318,Kristen Davis,person,Q27760941
ENT00319,Thought While Quarterly,publication,Q52274792
ENT00320,South Staceyberg,place,Q93351615
ENT00321,Dr. Jordan Hill PhD,person,Q77267950
ENT00322,Marriage Either Quarterly,publication,Q64019236
ENT00323,Charles Lee,person,Q47212367
ENT00324,Teal Skin,product,Q52343221
ENT00325,Until Century Quarterly,publication,Q72238841
ENT00326,West Kendrachester,place,Q80967291
ENT00327,Villa-Romero,organization,Q65529151
ENT00328,Campbell LLC,organization,Q36632857
ENT00329,Third People Quarterly,publication,Q65181865
ENT00330,Mary Grimes,person,Q52191630
ENT00331,RosyBrown Nothing,product,Q89774797
ENT00332,Member Hair Quarterly,publication,Q97198079
ENT00333,Arnold-Daniels,organization,Q62732143
ENT00334,Cantu-Kane,organization,Q83518015
ENT00335,New Patrick,place,Q3619475
ENT00336,Total Stand Quarterly,publication,Q79442603
ENT00337,Williamsfort,place,Q88986421
ENT00338,Roberta Hughes,person,Q11267337
ENT00339,Record Structure Quarterly,publication,Q18213376
ENT00340,Tend Reach Quarterly,publication,Q24391357
ENT00341,Mrs. Amanda Shaw,person,Q34917689
ENT00342,Performance Glass Quarterly,publication,Q43936631
ENT00343,Sawyer Group,organization,Q61028810
ENT00344,DarkGreen Never,product,Q45298656
ENT00345,Whether Loss Quarterly,publication,Q37347070
ENT00346,Administration Seven Quarterly,publication,Q33859411
ENT00347,Seth Booker,person,Q63123615
ENT00348,Richard Baker,person,Q72399699
ENT00349,Jennifer Miller,person,Q46970982
ENT00350,Phelps-Villarreal,organization,Q87260963
ENT00351,Eugene Higgins,person,Q87477129
ENT00352,Shelia Johnson,person,Q4164875
ENT00353,Young Ltd,organization,Q26757837
ENT00354,Yolanda Francis,person,Q83394360
ENT00355,Good-Hodges,organization,Q32017060
ENT00356,"Brennan, Wallace and Benson",organization,Q63560389
ENT00357,Amber Flynn,person,Q75694815
ENT00358,Howard-Jordan,organization,Q62415904
ENT00359,LemonChiffon Nice,product,Q49512372
ENT00360,Knight-Sparks,organization,Q81321640
ENT00361,East Christian,place,Q96416375
ENT00362,Lisa Allen,person,Q21980374
ENT00363,DarkTurquoise Each,product,Q14508868
ENT00364,Littlemouth,place,Q3446599
ENT00365,LightCyan Reflect,product,Q77282228
ENT00366,Act Way Quarterly,publication,Q53238157
ENT00367,Santana-Byrd,organization,Q10200174
ENT00368,North Scott,place,Q92692797
ENT00369,Huerta-Evans,organization,Q13677061
ENT00370,Peru Road,product,Q91839793
ENT00371,Stephenport,place,Q16247835
ENT00372,South Melissa,place,Q5512305
ENT00373,DarkMagenta Economic,product,Q71503956
ENT00374,I Owner Quarterly,publication,Q88787991
ENT00375,MintCream Paper,product,Q9255316
ENT00376,Victoriaport,place,Q86911884
ENT00377,Beige Themselves,product,Q1698242
ENT00378,Reason Individual Quarterly,publication,Q65793859
ENT00379,Keith Jennings,person,Q58186625
ENT00380,BurlyWood Whether,product,Q85306888
ENT00381,Police Skill Quarterly,publication,Q94933459
ENT00382,Wall-Leach,organization,Q58450195
ENT00383,Lawson LLC,organization,Q98488438
ENT00384,Lake James,place,Q87303016
ENT00385,LightCoral Resource,product,Q82666456
ENT00386,Lake Colton,place,Q64894036
ENT00387,Product Race Quarterly,publication,Q58461918
ENT00388,West Kristinaton,place,Q36023539
ENT00389,Moccasin Sign,product,Q32949903
ENT00390,Theodore Murphy,person,Q37437215
ENT00391,Just Continue Quarterly,publication,Q32730896
ENT00392,Deep Cause Quarterly,publication,Q76484024
ENT00393,Alyssaview,place,Q89682838
ENT00394,Then Community Quarterly,publication,Q45150490
ENT00395,Roger Olson,person,Q66344795
ENT00396,LightYellow Skin,product,Q24406232
ENT00397,Truth Ground Quarterly,publication,Q28470344
ENT00398,DarkOrange Management,product,Q34675573
ENT00399,Crimson Chance,product,Q37535226
ENT00400,Port Erica,place,Q94111389
ENT00401,Orchid Throughout,product,Q74597109
ENT00402,Holly Gibbs,person,Q69340635
ENT00403,Baker Inc,organization,Q11490877
ENT00404,Richardson-Curry,organization,Q96646885
ENT00405,Everybody Pattern Quarterly,publication,Q65575908
ENT00406,Carsonstad,place,Q32255832
ENT00407,Box Republican Quarterly,publication,Q86691719
ENT00408,East Market Quarterly,publication,Q60153069
ENT00409,Stephen Hoffman,person,Q12489509
ENT00410,Indigo Raise,product,Q29742265
ENT00411,At Prove Quarterly,publication,Q92850200
ENT00412,Blankenship-Turner,organization,Q41098377
ENT00413,Wilsonton,place,Q49529186
ENT00414,Young Always Quarterly,publication,Q74285982
ENT00415,Wendyville,place,Q46138436
ENT00416,Bill Easy Quarterly,publication,Q73871990
ENT00417,WhiteSmoke Central,product,Q47219309
ENT00418,Important Long Quarterly,publication,Q36361887
ENT00419,NavajoWhite Religious,product,Q33742930
ENT00420,"Horton, Fernandez and Matthews",organization,Q16194258
ENT00421,"Moore, Perry and Garcia",organization,Q42352228
ENT00422,Jason Lynn Jr.,person,Q99707908
ENT00423,Jeffmouth,place,Q92632284
ENT00424,Foley Inc,organization,Q25708294
ENT00425,"Richardson, Winters and Newman",organization,Q99133938
ENT00426,Ask Information Quarterly,publication,Q37111251
ENT00427,Jamesville,place,Q70415668
ENT00428,Davisborough,place,Q37983542
ENT00429,Linda Smith,person,Q26054120
ENT00430,MediumSeaGreen Either,product,Q30532373
ENT00431,DarkSalmon Stop,product,Q24084336
ENT00432,GreenYellow Authority,product,Q1899061
ENT00433,New Jason,place,Q16989777
ENT00434,Lavender Get,product,Q6109113
ENT00435,Rachel Carlson,person,Q74270683
ENT00436,LightSalmon Town,product,Q93605877
ENT00437,Huerta PLC,organization,Q85613515
ENT00438,Enough Success Quarterly,publication,Q13769180
ENT00439,Matthew Johnson,person,Q77049695
ENT00440,Aquamarine Help,product,Q63001491
ENT00441,Strategy Story Quarterly,publication,Q59118821
ENT00442,LavenderBlush Per,product,Q24744972
ENT00443,Christopher Williams,person,Q33887175
ENT00444,Site Know Quarterly,publication,Q15312616
ENT00445,Nichole Alvarez,person,Q53782142
ENT00446,Star High Quarterly,publication,Q9943240
ENT00447,South Williamton,place,Q84482872
ENT00448,Susan Hopkins,person,Q20364554
ENT00449,Ellis-Maynard,organization,Q75543151
ENT00450,Chocolate Measure,product,Q11432887
ENT00451,Simmons-Rodriguez,organization,Q15898399
ENT00452,Jonesland,place,Q55858031
ENT00453,Charleneland,place,Q80010890
ENT00454,West Claudia,place,Q30291314
ENT00455,Oscarhaven,place,Q51053574
ENT00456,Financial Long Quarterly,publication,Q59421107
ENT00457,Tan Point,product,Q78990606
ENT00458,Law Bit Quarterly,publication,Q40987542
ENT00459,Port Dianaside,place,Q83352976
ENT00460,Cindy Hayes,person,Q81823375
ENT00461,Gerald Chavez,person,Q27888920
ENT00462,Blair-Edwards,organization,Q35520301
ENT00463,David Mckay,person,Q21079946
ENT00464,"Leblanc, Jones and Decker",organization,Q23328959
ENT00465,South Colinstad,place,Q10075136
ENT00466,Hawkins PLC,organization,Q359229
ENT00467,Or Or Quarterly,publication,Q60465683
ENT00468,Elizabethchester,place,Q63070685
ENT00469,MidnightBlue Tv,product,Q4380947
ENT00470,"Pugh, Henderson and Moon",organization,Q38668883
ENT00471,CadetBlue Field,product,Q94353492
ENT00472,Plan Forget Quarterly,publication,Q9553685
ENT00473,Garcia-Romero,organization,Q35508020
ENT00474,Lake Timothy,place,Q88742585
ENT00475,Bell PLC,organization,Q57061286
ENT00476,Phillip Andrews,person,Q73090025
ENT00477,Bruce-Villegas,organization,Q86924161
ENT00478,"Austin, Day and Johnson",organization,Q35652686
ENT00479,"Gallegos, Adams and White",organization,Q9584566
ENT00480,Ellen Morgan,person,Q22269879
ENT00481,AntiqueWhite Course,product,Q79865558
ENT00482,New Diane,place,Q38736757
ENT00483,Available Change Quarterly,publication,Q16690565
ENT00484,Sit Property Quarterly,publication,Q92432895
ENT00485,Black Benefit,product,Q93916765
ENT00486,Skin Nice Quarterly,publication,Q36540365
ENT00487,South Robert,place,Q72475198
ENT00488,Growth Coach Quarterly,publication,Q58755100
ENT00489,Nathan Frank,person,Q80267222
ENT00490,Angela Williams,person,Q57986005
ENT00491,DimGray Somebody,product,Q81029173
ENT00492,BurlyWood Represent,product,Q3471627
ENT00493,Jeremy Coleman,person,Q30725814
ENT00494,Perryborough,place,Q78802405
ENT00495,Ashley Jordan,person,Q90232206
ENT00496,LightSkyBlue Resource,product,Q77342661
ENT00497,Katelyn Estrada,person,Q23513801
ENT00498,Answer Discussion Quarterly,publication,Q69654247
ENT00499,Indicate Place Quarterly,publication,Q37333643
ENT00500,Smith LLC,organization,Q78561712
ENT00501,Young Development Quarterly,publication,Q85199462
ENT00502,Speak Certain Quarterly,publication,Q12246448
ENT00503,South Especially Quarterly,publication,Q46702642
ENT00504,Figure Generation Quarterly,publication,Q44735995
ENT00505,DarkOrchid Account,product,Q89943897
ENT00506,Jeffrey Anderson MD,person,Q21585646
ENT00507,Khaki Month,product,Q55250168
ENT00508,Operation These Quarterly,publication,Q38684037
ENT00509,Relate Sure Quarterly,publication,Q73832817
ENT00510,James Harmon,person,Q61045800
ENT00511,Joe Miller,person,Q42213878
ENT00512,Maroon Parent,product,Q43389173
ENT00513,Jared Bowman,person,Q54247557
ENT00514,Dariustown,place,Q154593
ENT00515,Georgemouth,place,Q62005515
ENT00516,Theory Road Quarterly,publication,Q7275249
ENT00517,Davis-Richard,organization,Q69583857
ENT00518,LemonChiffon Least,product,Q83568603
ENT00519,Perform Institution Quarterly,publication,Q83941040
ENT00520,Need Bar Quarterly,publication,Q6927315
ENT00521,Harrell-Reese,organization,Q35843781
ENT00522,West Kimberly,place,Q17584397
ENT00523,Crimson Mrs,product,Q58803046
ENT00524,Property Build Quarterly,publication,Q16297633
ENT00525,Cheyenne Parsons,person,Q84560258
ENT00526,Jessicaberg,place,Q32118061
ENT00527,Garcia LLC,organization,Q41708277
ENT00528,East Carrie,place,Q1835455
ENT00529,East Stephaniefort,place,Q54759683
ENT00530,Justin Riley,person,Q30158911
ENT00531,Sonia Day,person,Q61934587
ENT00532,Mrs. Tricia Stewart,person,Q86934222
ENT00533,Jones-Ramos,organization,Q66890927
ENT00534,LimeGreen Style,product,Q68299745
ENT00535,LightSalmon Perhaps,product,Q55766269
ENT00536,Arrive He Quarterly,publication,Q63380366
ENT00537,"Jones, Murray and Johnson",organization,Q61308942
ENT00538,Marieland,place,Q19413616
ENT00539,Quite Treat Quarterly,publication,Q25583390
ENT00540,New Brookefurt,place,Q68215037
ENT00541,Carpenter-Best,organization,Q9369850
ENT00542,BlueViolet Listen,product,Q55692729
ENT00543,Gold Fund,product,Q68147497
ENT00544,Sienna More,product,Q344403
ENT00545,DeepPink Assume,product,Q97449013
ENT00546,RoyalBlue Board,product,Q78777547
ENT00547,Toniland,place,Q88575848
ENT00548,Mother Race Quarterly,publication,Q19944239
ENT00549,Consider Among Quarterly,publication,Q72287161
ENT00550,End Second Quarterly,publication,Q46321851
ENT00551,Purple Leg,product,Q74077201
ENT00552,West Nathan,place,Q50628376
ENT00553,Fear Impact Quarterly,publication,Q43188324
ENT00554,Schroeder-Shelton,organization,Q93616754
ENT00555,Mccormick Ltd,organization,Q76745480
ENT00556,Good Attorney Quarterly,publication,Q31348320
ENT00557,Girl Between Quarterly,publication,Q5858341
ENT00558,OliveDrab Federal,product,Q99952733
ENT00559,Entire Shake Quarterly,publication,Q94654183
ENT00560,Together Realize Quarterly,publication,Q51818712
ENT00561,"Marks, Cook and Aguilar",organization,Q66481985
ENT00562,Gregory Ponce,person,Q16944587
ENT00563,Andersonland,place,Q79212776
ENT00564,Magenta Operation,product,Q13470808
ENT00565,However Question Quarterly,publication,Q13383177
ENT00566,Lisahaven,place,Q61327948
ENT00567,Michael Romero,person,Q96964869
ENT00568,Cox and Sons,organization,Q55026498
ENT00569,Peterson Group,organization,Q10043377
ENT00570,Dark Draw Quarterly,publication,Q35570855
ENT00571,DarkSlateGray Clear,product,Q83652560
ENT00572,Bank Find Quarterly,publication,Q87219699
ENT00573,Ashley Wise,person,Q44099426
ENT00574,Lake Matthewberg,place,Q51004097
ENT00575,OldLace Class,product,Q84127661
ENT00576,Commercial Course Quarterly,publication,Q72614040
ENT00577,Patricia Lamb,person,Q82874106
ENT00578,Jeffrey Jenkins,person,Q31510428
ENT00579,LavenderBlush Life,product,Q30532791
ENT00580,Nicole Bowers,person,Q58246764
ENT00581,David Sheppard,person,Q85060293
ENT00582,Stephanie Lee,person,Q59549627
ENT00583,"Valentine, Joyce and Murray",organization,Q93147359
ENT00584,LightSkyBlue Star,product,Q3885334
ENT00585,Joseph Burch,person,Q43536930
ENT00586,Rebecca Taylor,person,Q39375256
ENT00587,LightCoral Area,product,Q50310419
ENT00588,Put Medical Quarterly,publication,Q19538147
ENT00589,Spencer-Garcia,organization,Q71292036
ENT00590,Throughout Name Quarterly,publication,Q75957678
ENT00591,Mitchell and Sons,organization,Q22814919
ENT00592,Cole-Palmer,organization,Q10599052
ENT00593,Davisbury,place,Q51344326
ENT00594,Wilkersontown,place,Q91688871
ENT00595,Brown-Shaw,organization,Q66795867
ENT00596,South Virginia,place,Q19209035
ENT00597,Walker-Flores,organization,Q61894593
ENT00598,DarkGreen Those,product,Q61682608
ENT00599,MediumSeaGreen Strong,product,Q89501946
