domain_id,domain,registered_at,is_suspicious
DOM00000,true.biz,2025-08-13,true
DOM00001,available.ru,2023-01-26,true
DOM00002,area.cn,2022-08-21,true
DOM00003,writer.cn,2023-03-04,true
DOM00004,car.ru,2022-03-20,true
DOM00005,consumer.info,2026-02-07,true
DOM00006,theory.biz,2023-03-04,true
DOM00007,eat.biz,2025-10-01,true
DOM00008,bar.info,2025-01-22,true
DOM00009,share.cn,2025-05-29,true
DOM00010,foreign.tk,2022-10-31,true
DOM00011,set.biz,2023-02-11,true
DOM00012,coleman.com,2024-01-05,false
DOM00013,ray-faulkner.com,2023-09-30,false
DOM00014,miller-kaufman.biz,2024-08-24,false
DOM00015,ruiz.net,2025-02-13,false
DOM00016,weiss.com,2024-09-05,false
DOM00017,dickerson-blake.com,2026-01-02,false
DOM00018,tran.com,2024-09-02,false
DOM00019,torres-campbell.net,2025-07-10,false
DOM00020,cook.info,2023-02-06,false
DOM00021,hendricks.com,2025-09-10,false
DOM00022,swanson.biz,2024-08-10,false
DOM00023,burns-davidson.org,2022-01-15,false
DOM00024,dyer-riddle.com,2024-09-15,false
DOM00025,martin.com,2025-10-08,false
DOM00026,burns.biz,2025-01-15,false
DOM00027,wright.com,2021-09-03,false
DOM00028,wade.com,2023-08-07,false
DOM00029,guzman.com,2021-07-16,false
DOM00030,wise.biz,2024-10-25,false
DOM00031,willis.com,2025-01-12,false
DOM00032,gallegos.com,2025-09-10,false
DOM00033,barrett.biz,2022-03-11,false
DOM00034,fields.com,2023-09-21,false
DOM00035,clark.com,2022-11-13,false
DOM00036,smith-jones.biz,2025-11-25,false
DOM00037,pena-quinn.com,2022-12-08,false
DOM00038,lopez-taylor.info,2022-12-25,false
DOM00039,fry.com,2023-02-22,false
DOM00040,brady.com,2024-11-29,false
DOM00041,sims-weber.com,2022-02-10,false
DOM00042,miller-martinez.com,2024-05-06,false
DOM00043,richards.info,2022-04-17,false
DOM00044,brown.org,2021-10-16,false
DOM00045,clark.biz,2025-11-09,false
DOM00046,frederick-kennedy.com,2025-02-01,false
DOM00047,wood-wu.com,2023-06-22,false
DOM00048,ortega-gray.com,2024-06-18,false
DOM00049,drake-smith.biz,2022-08-13,false
DOM00050,guzman.com,2023-07-20,false
DOM00051,hayes-parks.info,2025-10-24,false
DOM00052,keller-smith.com,2021-07-29,false
DOM00053,ward.com,2025-03-19,false
DOM00054,lawson.org,2022-02-15,false
DOM00055,patterson-huynh.info,2022-04-16,false
DOM00056,cruz.net,2026-04-19,false
DOM00057,wagner.com,2026-02-06,false
DOM00058,jackson-griffin.com,2025-07-15,false
DOM00059,fernandez.com,2022-05-01,false
DOM00060,holder-johnson.com,2024-09-11,false
DOM00061,robinson-scott.info,2022-06-25,false
DOM00062,taylor.com,2024-04-06,false
DOM00063,huynh.com,2024-05-09,false
DOM00064,kent-paul.biz,2026-03-19,false
DOM00065,stokes-walker.com,2023-11-29,false
DOM00066,rodriguez.org,2023-01-13,false
DOM00067,mcmahon.com,2024-09-01,false
DOM00068,mclaughlin.com,2024-09-25,false
DOM00069,flores-diaz.com,2025-11-08,false
DOM00070,guzman.net,2025-05-09,false
DOM00071,thomas-hahn.com,2025-09-07,false
DOM00072,bryant.com,2024-02-27,false
DOM00073,shaw-barker.com,2026-04-26,false
DOM00074,welch-lewis.com,2024-08-21,false
DOM00075,zavala.com,2023-03-24,false
DOM00076,michael.com,2025-07-31,false
DOM00077,myers.com,2021-08-14,false
DOM00078,long.com,2024-10-05,false
DOM00079,jones-acosta.com,2023-02-04,false
DOM00080,chase.org,2021-11-23,false
DOM00081,torres.info,2025-07-15,false
DOM00082,merritt-clark.com,2021-07-06,false
DOM00083,barber-johnston.com,2024-08-20,false
DOM00084,shelton-jackson.com,2022-04-02,false
DOM00085,mccann-white.com,2022-06-07,false
DOM00086,santos.biz,2023-07-09,false
DOM00087,wilson.info,2024-01-04,false
DOM00088,carlson.com,2025-05-18,false
DOM00089,reyes.com,2022-06-15,false
DOM00090,miller.net,2023-05-07,false
DOM00091,matthews.info,2023-10-06,false
DOM00092,mcgee.info,2025-02-14,false
DOM00093,duncan-garcia.com,2026-01-02,false
DOM00094,sullivan.com,2024-10-13,false
DOM00095,roth.com,2025-11-06,false
DOM00096,ryan.com,2022-06-07,false
DOM00097,atkins.com,2021-06-24,false
DOM00098,west.org,2023-03-10,false
DOM00099,martin.com,2022-02-25,false
DOM00100,hunter.net,2022-11-23,false
DOM00101,rowland-barrett.com,2023-12-28,false
DOM00102,shah.com,2025-12-23,false
DOM00103,taylor-henry.com,2025-11-17,false
DOM00104,obrien-dixon.com,2021-10-24,false
DOM00105,johnson.com,2023-04-07,false
DOM00106,guzman.org,2024-06-27,false
DOM00107,anderson-dean.com,2026-02-10,false
DOM00108,green-santos.com,2024-11-01,false
DOM00109,miller-king.biz,2022-08-27,false
DOM00110,harris.com,2024-08-07,false
DOM00111,sandoval.biz,2022-09-27,false
DOM00112,riddle-hamilton.com,2023-07-16,false
DOM00113,nelson.com,2026-02-05,false
DOM00114,jones-bowman.com,2024-04-09,false
DOM00115,thomas-yates.com,2021-07-08,false
DOM00116,bennett.biz,2022-04-30,false
DOM00117,thompson.com,2025-08-07,false
DOM00118,rice.org,2023-11-01,false
DOM00119,nelson.com,2024-09-30,false
DOM00120,reed.net,2026-02-15,false
DOM00121,macias.com,2021-07-07,false
DOM00122,palmer.biz,2026-04-06,false
DOM00123,adams.com,2023-07-21,false
DOM00124,franklin.com,2025-06-03,false
DOM00125,mitchell.com,2024-01-12,false
DOM00126,hodge.com,2022-03-15,false
DOM00127,miller.com,2026-04-30,false
DOM00128,miller.net,2025-08-17,false
DOM00129,hayden.net,2022-08-05,false
DOM00130,jimenez-jennings.net,2022-06-30,false
DOM00131,smith-lee.com,2025-01-18,false
DOM00132,ferguson.net,2021-10-17,false
DOM00133,west.net,2023-05-08,false
DOM00134,jones.net,2024-06-09,false
DOM00135,henderson.com,2024-08-10,false
DOM00136,morgan.com,2026-01-07,false
DOM00137,roberts.com,2023-09-08,false
DOM00138,smith.org,2024-10-12,false
DOM00139,leblanc.net,2021-09-26,false
DOM00140,stafford-charles.com,2024-06-17,false
DOM00141,gilbert.com,2024-06-11,false
DOM00142,smith.com,2024-11-08,false
DOM00143,smith-jordan.com,2022-02-26,false
DOM00144,robertson.info,2021-06-29,false
DOM00145,hammond.com,2025-06-09,false
DOM00146,brooks-diaz.com,2025-12-30,false
DOM00147,rodriguez-gonzales.info,2022-10-23,false
DOM00148,gomez.com,2024-06-28,false
DOM00149,gonzalez.biz,2025-01-06,false
DOM00150,rivera.info,2023-09-11,false
DOM00151,fisher.info,2022-07-08,false
DOM00152,potter-deleon.biz,2025-09-14,false
DOM00153,mclean.com,2022-05-09,false
DOM00154,martinez.net,2021-07-20,false
DOM00155,young.org,2021-07-02,false
DOM00156,castillo-campbell.com,2025-01-30,false
DOM00157,williamson.net,2023-01-09,false
DOM00158,campbell.com,2023-07-16,false
DOM00159,hoover.com,2025-09-15,false
DOM00160,white.com,2023-05-21,false
DOM00161,anderson.com,2023-01-26,false
DOM00162,simmons.com,2022-03-17,false
DOM00163,james.com,2023-05-28,false
DOM00164,rogers.com,2025-10-09,false
DOM00165,schneider-torres.com,2024-07-11,false
DOM00166,hahn-dawson.com,2024-02-26,false
DOM00167,white.com,2024-03-03,false
DOM00168,mitchell.org,2022-04-17,false
DOM00169,lopez-vaughan.com,2024-04-11,false
DOM00170,rodriguez-caldwell.net,2022-07-17,false
DOM00171,ward-patrick.org,2025-12-07,false
DOM00172,watson.biz,2022-03-06,false
DOM00173,anderson.org,2022-06-16,false
DOM00174,willis.com,2023-01-28,false
DOM00175,griffin.org,2024-05-08,false
DOM00176,swanson-mayo.com,2025-12-21,false
DOM00177,hernandez.com,2026-03-14,false
DOM00178,jacobson-west.com,2025-02-21,false
DOM00179,webb.net,2021-08-14,false
DOM00180,greene.com,2023-11-24,false
DOM00181,sosa.com,2024-10-24,false
DOM00182,cohen-berg.com,2022-11-04,false
DOM00183,christensen-cruz.biz,2024-11-04,false
DOM00184,nelson.com,2021-07-05,false
DOM00185,gibson.com,2023-04-23,false
DOM00186,erickson-arnold.com,2023-05-04,false
DOM00187,ferguson.com,2022-09-11,false
DOM00188,ho-nelson.com,2023-07-21,false
DOM00189,nichols.com,2024-07-28,false
DOM00190,miller-thornton.net,2023-09-06,false
DOM00191,anderson.com,2021-07-10,false
DOM00192,robinson-sanford.com,2023-08-12,false
DOM00193,medina.com,2024-09-06,false
DOM00194,scott.com,2025-03-12,false
DOM00195,nguyen.org,2024-10-18,false
DOM00196,griffin.biz,2024-07-27,false
DOM00197,barrera.info,2022-12-23,false
DOM00198,lopez-huffman.com,2026-04-12,false
DOM00199,harding-white.com,2021-08-12,false
DOM00200,martin-thompson.biz,2023-01-12,false
DOM00201,thomas.com,2025-04-21,false
DOM00202,waller.com,2022-04-13,false
DOM00203,cruz-rodriguez.com,2021-10-21,false
DOM00204,wright.com,2022-08-25,false
DOM00205,greene.com,2026-01-18,false
DOM00206,meyers.com,2025-07-09,false
DOM00207,stafford.info,2022-10-01,false
DOM00208,brown.com,2026-01-21,false
DOM00209,smith.com,2026-01-25,false
DOM00210,garcia-tanner.biz,2022-08-22,false
DOM00211,barr.com,2025-01-25,false
DOM00212,hernandez-rios.com,2024-09-15,false
DOM00213,henson.com,2022-05-16,false
DOM00214,garcia.com,2022-01-31,false
DOM00215,cook.com,2021-10-20,false
DOM00216,hernandez.com,2025-01-19,false
DOM00217,barry.com,2023-11-16,false
DOM00218,hutchinson-nelson.info,2024-07-28,false
DOM00219,cochran-dawson.com,2021-06-14,false
DOM00220,strickland.com,2022-09-10,false
DOM00221,griffin-robles.info,2022-01-03,false
DOM00222,lane.com,2022-08-31,false
DOM00223,morris.com,2024-09-16,false
DOM00224,flores-coleman.biz,2024-04-09,false
DOM00225,pham.com,2024-09-10,false
DOM00226,dunn-ryan.info,2025-12-18,false
DOM00227,underwood.biz,2025-12-01,false
DOM00228,frank.com,2023-06-08,false
DOM00229,smith-mcknight.com,2024-07-07,false
DOM00230,wells.com,2024-07-03,false
DOM00231,phillips.net,2025-01-06,false
DOM00232,clark.com,2022-08-10,false
DOM00233,hayden.com,2024-08-23,false
DOM00234,johnson.com,2026-05-19,false
DOM00235,woods.com,2021-09-09,false
DOM00236,diaz.com,2022-02-02,false
DOM00237,carroll.com,2022-12-26,false
DOM00238,manning-adkins.com,2025-06-07,false
DOM00239,sharp-wallace.com,2023-11-15,false
DOM00240,moore.com,2022-11-29,false
DOM00241,martin.info,2026-02-23,false
DOM00242,gallegos.com,2025-01-14,false
DOM00243,nelson.net,2024-08-24,false
DOM00244,paul.org,2021-11-28,false
DOM00245,long.net,2022-02-02,false
DOM00246,mcdonald.biz,2022-11-02,false
DOM00247,pratt.biz,2023-02-03,false
DOM00248,rodriguez-miller.org,2024-04-15,false
DOM00249,allen.net,2022-05-04,false
DOM00250,lewis.com,2023-01-12,false
DOM00251,harris.com,2026-04-14,false
DOM00252,williams.com,2024-02-10,false
DOM00253,harding.com,2023-11-02,false
DOM00254,porter-edwards.biz,2024-06-17,false
DOM00255,park.com,2024-11-24,false
DOM00256,gordon.com,2026-06-06,false
DOM00257,woods-melton.com,2023-11-26,false
DOM00258,hernandez.com,2022-03-24,false
DOM00259,hall.com,2022-10-21,false
DOM00260,black.com,2025-03-29,false
DOM00261,morgan.org,2025-02-05,false
DOM00262,macdonald.biz,2023-06-20,false
DOM00263,shea.com,2022-09-24,false
DOM00264,burton.com,2024-01-25,false
DOM00265,dillon.info,2022-03-27,false
DOM00266,edwards-villa.com,2022-01-05,false
DOM00267,ray-gomez.com,2022-12-16,false
DOM00268,ingram.com,2025-03-12,false
DOM00269,glass.info,2021-10-09,false
DOM00270,trevino-morales.org,2022-07-13,false
DOM00271,richardson-kirk.com,2024-08-11,false
DOM00272,fleming.info,2023-09-02,false
DOM00273,williams.com,2026-03-16,false
DOM00274,moore.com,2024-08-18,false
DOM00275,hudson.com,2024-09-26,false
DOM00276,caldwell-bailey.info,2025-12-26,false
DOM00277,rodriguez-white.com,2024-10-23,false
DOM00278,gonzalez-murphy.com,2024-05-06,false
DOM00279,tucker.com,2025-04-20,false
DOM00280,gardner.com,2023-04-02,false
DOM00281,carroll-huerta.biz,2021-12-18,false
DOM00282,clarke-irwin.com,2021-11-23,false
DOM00283,parrish.biz,2023-09-24,false
DOM00284,reid-miller.com,2023-10-06,false
DOM00285,miller-russo.info,2025-01-02,false
DOM00286,lewis.com,2022-03-22,false
DOM00287,peterson-mullins.com,2023-02-15,false
DOM00288,mcmahon-olson.net,2022-10-20,false
DOM00289,kim.com,2026-03-16,false
DOM00290,gonzalez.com,2024-03-09,false
DOM00291,downs.com,2021-07-22,false
DOM00292,mosley.info,2024-02-16,false
DOM00293,conner.biz,2023-09-02,false
DOM00294,bowen.com,2025-04-04,false
DOM00295,montes.com,2025-01-03,false
DOM00296,payne.com,2023-03-21,false
DOM00297,bonilla.com,2024-08-01,false
DOM00298,smith-mosley.net,2022-06-30,false
DOM00299,porter.com,2024-06-06,false
DOM00300,simmons.com,2025-05-03,false
DOM00301,brooks-tran.com,2026-01-19,false
DOM00302,james-bruce.biz,2023-11-05,false
DOM00303,oliver.com,2022-04-26,false
DOM00304,banks.biz,2022-04-26,false
DOM00305,brady-hanson.net,2022-04-13,false
DOM00306,wallace.com,2025-01-04,false
DOM00307,walker.net,2024-09-03,false
DOM00308,gonzalez.com,2024-06-01,false
DOM00309,gutierrez-hoover.biz,2021-07-01,false
DOM00310,casey-romero.com,2023-09-07,false
DOM00311,roberson-pope.biz,2023-06-28,false
DOM00312,mccullough.com,2021-07-26,false
DOM00313,hernandez.net,2024-02-19,false
DOM00314,jackson-armstrong.biz,2023-06-29,false
DOM00315,beltran.com,2026-05-08,false
DOM00316,anderson-fields.com,2024-11-11,false
DOM00317,holmes-kim.com,2022-07-05,false
DOM00318,wilson.com,2026-02-19,false
DOM00319,fry.com,2022-03-24,false
DOM00320,kim.org,2022-09-26,false
DOM00321,montgomery.com,2026-04-19,false
DOM00322,johnson-gross.info,2024-06-24,false
DOM00323,allen.com,2023-01-31,false
DOM00324,pittman.biz,2023-08-26,false
DOM00325,williams.com,2026-05-12,false
DOM00326,rodriguez.com,2022-05-06,false
DOM00327,campbell.com,2022-02-03,false
DOM00328,kirk-durham.com,2024-10-04,false
DOM00329,henry.biz,2022-01-22,false
DOM00330,chung-jones.biz,2024-08-16,false
DOM00331,schultz-hayes.com,2022-12-18,false
DOM00332,smith-white.org,2021-09-13,false
DOM00333,daugherty.info,2026-01-30,false
DOM00334,moore.com,2022-06-20,false
DOM00335,obrien.com,2025-11-03,false
DOM00336,hodges.com,2021-09-07,false
DOM00337,taylor-miller.com,2023-09-17,false
DOM00338,olson-ashley.com,2026-02-15,false
DOM00339,phillips.net,2024-11-01,false
DOM00340,wright.com,2024-10-10,false
DOM00341,silva.com,2022-11-04,false
DOM00342,mckay.biz,2025-03-25,false
DOM00343,carlson-nelson.com,2022-05-08,false
DOM00344,reyes.com,2025-04-04,false
DOM00345,preston.com,2026-06-05,false
DOM00346,carter-serrano.net,2024-06-06,false
DOM00347,johnson-white.com,2025-02-01,false
DOM00348,howard.com,2024-08-05,false
DOM00349,thomas-edwards.com,2024-02-22,false
DOM00350,smith.com,2023-05-31,false
DOM00351,jones.com,2022-04-23,false
DOM00352,ramirez.com,2026-04-26,false
DOM00353,fisher.com,2023-02-13,false
DOM00354,williams.info,2021-10-31,false
DOM00355,fisher-martinez.com,2024-03-19,false
DOM00356,reyes.org,2021-06-22,false
DOM00357,mitchell-skinner.biz,2021-09-30,false
DOM00358,hull.com,2025-06-06,false
DOM00359,gallegos.com,2023-10-09,false
DOM00360,molina-ross.net,2024-02-05,false
DOM00361,salazar-long.info,2025-08-18,false
DOM00362,coffey.org,2022-04-23,false
DOM00363,walker.com,2022-04-30,false
DOM00364,callahan-ramsey.com,2022-11-18,false
DOM00365,lee.net,2021-06-23,false
DOM00366,parrish.com,2021-11-04,false
DOM00367,jones-murphy.org,2024-08-30,false
DOM00368,hale-buckley.org,2025-05-09,false
DOM00369,martinez.org,2024-12-13,false
DOM00370,griffin.org,2025-07-01,false
DOM00371,henry.info,2023-05-10,false
DOM00372,baker.com,2024-06-08,false
DOM00373,houston.com,2022-02-05,false
DOM00374,bonilla.com,2021-07-18,false
DOM00375,robinson.com,2024-04-30,false
DOM00376,cervantes.net,2024-02-06,false
DOM00377,erickson-rios.net,2022-05-02,false
DOM00378,robinson.biz,2025-04-13,false
DOM00379,palmer.com,2025-01-12,false
DOM00380,parks.com,2022-09-08,false
DOM00381,walter-mcgee.com,2021-07-29,false
DOM00382,lopez-johnson.net,2025-04-14,false
DOM00383,baker-mcintosh.com,2024-06-13,false
DOM00384,lewis-sanders.biz,2025-10-03,false
DOM00385,brown-nelson.com,2021-11-07,false
DOM00386,reyes.com,2024-11-10,false
DOM00387,wheeler.org,2025-08-19,false
DOM00388,hamilton.com,2023-04-21,false
DOM00389,brown.org,2023-09-12,false
DOM00390,jones.com,2023-05-12,false
DOM00391,lyons.com,2023-09-19,false
DOM00392,harris-floyd.com,2023-11-19,false
DOM00393,carlson.net,2025-06-28,false
DOM00394,torres.com,2022-01-09,false
DOM00395,lopez.com,2021-07-17,false
DOM00396,wells.com,2022-02-02,false
DOM00397,shelton.org,2024-06-06,false
DOM00398,aguilar-freeman.com,2025-06-15,false
DOM00399,williams.org,2023-11-28,false
DOM00400,fox.com,2022-03-26,false
DOM00401,torres.com,2025-04-14,false
DOM00402,navarro-fritz.com,2025-07-28,false
DOM00403,diaz-smith.com,2023-12-30,false
DOM00404,cook.org,2025-07-21,false
DOM00405,nelson.com,2022-09-10,false
DOM00406,chase-hopkins.com,2024-06-21,false
DOM00407,johnson-lane.biz,2024-06-28,false
DOM00408,garner.biz,2022-05-09,false
DOM00409,wiley-shelton.info,2025-12-01,false
DOM00410,baker.com,2024-04-01,false
DOM00411,lawrence-landry.com,2024-01-25,false
DOM00412,williams.com,2022-06-25,false
DOM00413,pope-knight.com,2023-11-21,false
DOM00414,montes.com,2025-05-26,false
DOM00415,hernandez.com,2024-01-07,false
DOM00416,roberts-marsh.com,2025-04-18,false
DOM00417,robinson.com,2021-11-20,false
DOM00418,torres-jordan.com,2021-11-10,false
DOM00419,taylor-koch.net,2026-03-16,false
DOM00420,mckay.com,2022-08-25,false
DOM00421,gonzalez.com,2021-09-15,false
DOM00422,fitzpatrick-wright.biz,2025-01-10,false
DOM00423,rasmussen-garcia.com,2024-01-02,false
DOM00424,collins.com,2026-05-09,false
DOM00425,vega.com,2022-08-03,false
DOM00426,spencer-turner.com,2023-12-18,false
DOM00427,ho.biz,2022-04-02,false
DOM00428,rose.com,2025-09-20,false
DOM00429,marquez.biz,2024-12-03,false
DOM00430,johnson-hansen.biz,2022-03-09,false
DOM00431,gilbert.com,2026-05-15,false
DOM00432,watson.com,2021-11-21,false
DOM00433,martinez-santiago.info,2025-11-03,false
DOM00434,combs-miller.com,2022-05-06,false
DOM00435,wheeler-short.org,2025-07-12,false
DOM00436,rivera.net,2021-11-19,false
DOM00437,harris.info,2022-08-05,false
DOM00438,jacobson.com,2023-12-29,false
DOM00439,collins.info,2023-02-21,false
DOM00440,jones.org,2022-06-19,false
DOM00441,davis.net,2025-03-17,false
DOM00442,brown-martinez.biz,2025-07-19,false
DOM00443,wilkins.com,2025-03-03,false
DOM00444,williamson.com,2022-08-22,false
DOM00445,sandoval.net,2023-02-20,false
DOM00446,castillo-roberts.com,2025-08-17,false
DOM00447,contreras-myers.com,2025-05-19,false
DOM00448,li-hernandez.com,2025-04-28,false
DOM00449,elliott.org,2024-01-04,false
DOM00450,brewer.org,2025-03-19,false
DOM00451,odonnell.com,2025-05-31,false
DOM00452,ellis.net,2025-09-18,false
DOM00453,bailey.net,2024-10-03,false
DOM00454,brown.org,2024-04-27,false
DOM00455,espinoza-buchanan.com,2024-01-05,false
DOM00456,jones-franco.info,2024-08-20,false
DOM00457,obrien-white.net,2025-11-26,false
DOM00458,anderson-nguyen.org,2024-05-24,false
DOM00459,williamson.com,2023-05-28,false
DOM00460,ortega.info,2024-03-09,false
DOM00461,zavala.com,2022-05-01,false
DOM00462,chandler.biz,2021-12-24,false
DOM00463,salazar.com,2022-01-20,false
DOM00464,hines-obrien.com,2022-11-30,false
DOM00465,rodriguez-cole.com,2026-04-25,false
DOM00466,gonzalez.com,2023-05-09,false
DOM00467,harmon.net,2023-01-26,false
DOM00468,perkins.com,2023-03-02,false
DOM00469,patrick.com,2024-11-26,false
DOM00470,payne.net,2025-08-27,false
DOM00471,collier.info,2025-09-11,false
DOM00472,kelly-yoder.com,2022-01-02,false
DOM00473,patterson-bennett.com,2026-04-11,false
DOM00474,martinez.com,2022-04-17,false
DOM00475,jimenez.org,2026-01-12,false
DOM00476,johnson-nicholson.com,2023-07-29,false
DOM00477,warner-jones.com,2023-11-19,false
DOM00478,ferguson.net,2025-09-08,false
DOM00479,ross-brown.com,2026-05-23,false
DOM00480,giles-mercer.com,2021-09-16,false
DOM00481,fisher-gonzalez.com,2022-08-14,false
DOM00482,payne.com,2021-12-18,false
DOM00483,snyder.org,2021-09-25,false
DOM00484,zavala-dodson.org,2022-02-13,false
DOM00485,mendoza.com,2021-09-26,false
DOM00486,romero-santos.biz,2025-06-30,false
DOM00487,harrington-walter.com,2021-08-13,false
DOM00488,johnson.net,2024-08-29,false
DOM00489,sutton.biz,2024-08-23,false
DOM00490,martinez.com,2025-02-27,false
DOM00491,prince.com,2023-01-30,false
DOM00492,kim-brown.com,2022-03-20,false
DOM00493,smith.net,2026-04-07,false
DOM00494,ritter.com,2021-12-01,false
DOM00495,brown.com,2023-11-02,false
DOM00496,edwards.com,2023-12-03,false
DOM00497,obrien.com,2022-02-01,false
DOM00498,wright.com,2025-08-23,false
DOM00499,moss.com,2025-03-17,false
DOM00500,turner.com,2025-11-30,false
DOM00501,flores-weaver.com,2021-11-22,false
DOM00502,mccullough-thornton.org,2025-07-27,false
DOM00503,miller-barr.net,2023-05-25,false
DOM00504,harmon-clark.com,2022-08-23,false
DOM00505,spence.info,2025-04-17,false
DOM00506,smith.com,2023-10-19,false
DOM00507,cruz.com,2024-09-12,false
DOM00508,smith-reyes.info,2021-10-23,false
DOM00509,harris.biz,2025-12-18,false
DOM00510,guerrero.net,2024-05-23,false
DOM00511,kent.com,2023-04-11,false
DOM00512,peterson.biz,2025-01-26,false
DOM00513,mcfarland.net,2024-09-25,false
DOM00514,randolph.net,2025-05-18,false
DOM00515,armstrong-carroll.net,2023-08-25,false
DOM00516,horne.com,2022-07-22,false
DOM00517,campbell.com,2022-02-28,false
DOM00518,wise.com,2026-04-17,false
DOM00519,johnson-hill.com,2023-07-26,false
DOM00520,patrick.org,2024-03-01,false
DOM00521,abbott-wallace.com,2025-03-05,false
DOM00522,owens.info,2026-03-03,false
DOM00523,ortiz.com,2023-10-14,false
DOM00524,arnold.com,2023-10-13,false
DOM00525,booth-martinez.com,2022-09-07,false
DOM00526,douglas.com,2025-09-29,false
DOM00527,riley-williams.com,2021-12-13,false
DOM00528,braun.com,2026-01-12,false
DOM00529,williams.net,2025-03-17,false
DOM00530,dixon.com,2024-03-16,false
DOM00531,watson.biz,2023-11-04,false
DOM00532,johnson.com,2024-04-13,false
DOM00533,merritt-brooks.com,2021-09-12,false
DOM00534,richardson.com,2021-08-26,false
DOM00535,lynch.net,2025-10-03,false
DOM00536,marquez.org,2021-09-17,false
DOM00537,barber.com,2022-02-03,false
DOM00538,cunningham.net,2024-12-27,false
DOM00539,quinn.com,2025-06-14,false
DOM00540,warren.org,2023-12-05,false
DOM00541,murphy.com,2025-04-24,false
DOM00542,goodman-wilson.com,2025-03-21,false
DOM00543,rosario.net,2025-09-25,false
DOM00544,melendez.info,2023-05-24,false
DOM00545,hartman-hall.com,2026-01-03,false
DOM00546,frank.org,2022-08-11,false
DOM00547,green.com,2024-11-28,false
DOM00548,wagner-hernandez.info,2023-02-13,false
DOM00549,walter.com,2022-06-18,false
DOM00550,baker-spencer.info,2022-04-17,false
DOM00551,booth.com,2022-11-08,false
DOM00552,anderson.biz,2025-01-10,false
DOM00553,anderson-terry.com,2023-12-06,false
DOM00554,rogers.org,2022-05-08,false
DOM00555,williams.info,2024-11-29,false
DOM00556,cole.info,2022-07-31,false
DOM00557,white.net,2022-02-23,false
DOM00558,huang.org,2024-07-31,false
DOM00559,banks.net,2023-10-23,false
DOM00560,hall.com,2021-11-05,false
DOM00561,holmes.biz,2023-11-11,false
DOM00562,cruz-todd.com,2021-10-16,false
DOM00563,khan.com,2026-04-29,false
DOM00564,edwards.com,2023-10-06,false
DOM00565,gonzales-mcclure.com,2023-08-23,false
DOM00566,molina.com,2022-04-02,false
DOM00567,arnold.com,2021-08-31,false
DOM00568,orr.com,2021-06-28,false
DOM00569,wall-johnson.com,2023-10-31,false
DOM00570,simmons.info,2023-12-11,false
DOM00571,moran.info,2025-02-10,false
DOM00572,baker-lin.com,2022-06-04,false
DOM00573,lara-garner.com,2022-01-24,false
DOM00574,moore-rogers.info,2025-10-18,false
DOM00575,waters.com,2025-02-13,false
DOM00576,randolph.com,2023-01-20,false
DOM00577,guerrero.com,2023-07-12,false
DOM00578,willis.com,2023-09-10,false
DOM00579,hernandez-cervantes.info,2023-11-03,false
DOM00580,gonzalez.net,2023-04-04,false
DOM00581,hamilton.net,2023-03-17,false
DOM00582,thompson.biz,2026-05-27,false
DOM00583,little.net,2022-12-19,false
DOM00584,pittman-golden.info,2025-08-09,false
DOM00585,myers.com,2023-04-19,false
DOM00586,mccarty.biz,2025-03-28,false
DOM00587,wright-coleman.com,2025-05-21,false
DOM00588,guerrero-bailey.biz,2022-07-10,false
DOM00589,larsen-shields.org,2024-12-09,false
DOM00590,young.biz,2021-12-13,false
DOM00591,ingram.biz,2025-03-12,false
DOM00592,ross-gaines.com,2025-07-25,false
DOM00593,robinson.info,2024-12-02,false
DOM00594,armstrong.net,2023-03-10,false
DOM00595,rodriguez.com,2026-01-09,false
DOM00596,clements.biz,2022-03-15,false
DOM00597,cook.com,2021-11-07,false
DOM00598,clark.net,2024-10-18,false
DOM00599,perez.com,2024-12-13,false
DOM00600,tran.com,2021-09-28,false
DOM00601,fischer.com,2025-09-13,false
DOM00602,moody-williams.com,2023-12-31,false
DOM00603,hall.com,2021-09-20,false
DOM00604,brady-hess.biz,2024-11-04,false
DOM00605,cardenas.com,2022-01-31,false
DOM00606,wagner.biz,2021-08-09,false
DOM00607,newton.org,2022-09-22,false
DOM00608,fitzgerald.com,2024-02-02,false
DOM00609,coleman-paul.com,2023-10-07,false
DOM00610,harris-baker.org,2025-06-11,false
DOM00611,carter-davis.biz,2026-03-16,false
DOM00612,webb-velez.net,2025-09-28,false
DOM00613,reyes.biz,2024-08-09,false
DOM00614,klein.com,2024-10-24,false
DOM00615,west.org,2022-05-12,false
DOM00616,collins.com,2022-03-31,false
DOM00617,jackson.com,2022-02-23,false
DOM00618,powell.net,2026-04-03,false
DOM00619,brown.com,2024-12-08,false
DOM00620,yang-flowers.com,2024-03-02,false
DOM00621,cunningham.com,2026-03-21,false
DOM00622,gardner-edwards.com,2024-03-03,false
DOM00623,fletcher-robertson.com,2022-04-30,false
DOM00624,lyons-bennett.com,2022-10-24,false
DOM00625,goodman.com,2021-10-07,false
DOM00626,simpson-sims.net,2025-07-30,false
DOM00627,curry.biz,2024-10-30,false
DOM00628,phillips.com,2023-09-28,false
DOM00629,morris.com,2022-08-21,false
DOM00630,mills-harris.org,2024-08-04,false
DOM00631,munoz.com,2022-08-02,false
DOM00632,warren.com,2024-02-20,false
DOM00633,white-ruiz.com,2024-02-01,false
DOM00634,lopez.com,2022-03-29,false
DOM00635,weber.com,2022-01-01,false
DOM00636,fields-ware.com,2021-07-21,false
DOM00637,hill.org,2024-01-13,false
DOM00638,weber-powell.com,2026-03-17,false
DOM00639,may.com,2023-04-11,false
DOM00640,white-elliott.com,2025-11-16,false
DOM00641,newman.org,2023-10-17,false
DOM00642,savage.com,2021-06-16,false
DOM00643,hays.org,2022-09-06,false
DOM00644,martin.com,2022-02-04,false
DOM00645,taylor.biz,2025-06-12,false
DOM00646,turner-wolf.com,2026-03-14,false
DOM00647,bennett-cruz.info,2024-06-14,false
DOM00648,roberson-stewart.com,2023-04-03,false
DOM00649,dougherty.com,2025-02-25,false
DOM00650,alexander.com,2026-03-07,false
DOM00651,pearson-thompson.com,2025-05-26,false
DOM00652,reed.com,2024-09-08,false
DOM00653,white-adkins.com,2023-02-06,false
DOM00654,ward-lee.org,2024-01-28,false
DOM00655,davis-wood.com,2025-09-17,false
DOM00656,lawson.com,2025-07-04,false
DOM00657,williams-dominguez.com,2023-10-07,false
DOM00658,brown.info,2025-04-20,false
DOM00659,thompson-brady.net,2022-04-26,false
DOM00660,wood.com,2022-12-09,false
DOM00661,miller.com,2025-03-16,false
DOM00662,page.com,2023-02-01,false
DOM00663,mendez.com,2022-11-15,false
DOM00664,bowen.biz,2024-12-22,false
DOM00665,caldwell.net,2022-09-09,false
DOM00666,adams.org,2023-02-15,false
DOM00667,wagner.com,2024-01-30,false
DOM00668,castro-wilson.info,2026-04-08,false
DOM00669,miller.com,2022-12-27,false
DOM00670,miller.com,2022-11-16,false
DOM00671,robinson.info,2022-02-15,false
DOM00672,harding.com,2022-07-25,false
DOM00673,brown-mccarthy.com,2023-10-22,false
DOM00674,cunningham.com,2023-01-13,false
DOM00675,stephenson-thompson.com,2023-08-22,false
DOM00676,gonzales.com,2024-05-26,false
DOM00677,mills.com,2021-09-30,false
DOM00678,cruz.biz,2024-05-20,false
DOM00679,cochran.net,2026-02-15,false
DOM00680,bauer.com,2023-04-17,false
DOM00681,green-weeks.net,2023-01-08,false
DOM00682,taylor-willis.com,2026-03-25,false
DOM00683,barrett-valenzuela.com,2022-04-29,false
DOM00684,howard.info,2024-04-12,false
DOM00685,wong-garcia.com,2024-01-15,false
DOM00686,owens.com,2025-03-02,false
DOM00687,bryant.biz,2025-06-18,false
DOM00688,king.org,2024-04-22,false
DOM00689,gregory-evans.com,2025-09-30,false
DOM00690,fisher.org,2024-11-04,false
DOM00691,johnson.org,2025-11-22,false
DOM00692,lynn.com,2022-07-16,false
DOM00693,cook.com,2022-08-21,false
DOM00694,ellis-martin.com,2022-09-09,false
DOM00695,andrade.com,2022-02-12,false
DOM00696,young.biz,2022-03-15,false
DOM00697,sanchez.com,2021-06-23,false
DOM00698,moore-garcia.net,2024-10-14,false
DOM00699,lewis.info,2023-07-02,false
DOM00700,hughes.com,2024-11-01,false
DOM00701,villanueva-weiss.biz,2024-10-13,false
DOM00702,jones.org,2021-08-30,false
DOM00703,blackwell.com,2024-07-28,false
DOM00704,morgan-morrow.org,2024-10-27,false
DOM00705,brewer.info,2023-01-13,false
DOM00706,clark.com,2024-04-28,false
DOM00707,valdez-simmons.com,2024-01-30,false
DOM00708,leonard-castillo.com,2025-01-08,false
DOM00709,martin.net,2022-05-04,false
DOM00710,drake-reed.com,2024-11-15,false
DOM00711,martin.org,2025-09-30,false
DOM00712,parks-smith.biz,2025-01-10,false
DOM00713,turner.com,2025-04-06,false
DOM00714,watson.net,2024-07-15,false
DOM00715,floyd.net,2024-09-11,false
DOM00716,miller.org,2023-08-18,false
DOM00717,robertson.info,2025-02-18,false
DOM00718,marshall.com,2025-08-07,false
DOM00719,richardson-small.com,2023-07-31,false
DOM00720,rogers-phillips.com,2026-01-19,false
DOM00721,white-kelly.com,2025-03-27,false
DOM00722,evans-johnson.com,2024-06-21,false
DOM00723,johnson.com,2025-12-26,false
DOM00724,martinez.info,2025-02-06,false
DOM00725,reed-ellis.org,2023-07-06,false
DOM00726,hoover.com,2024-08-09,false
DOM00727,thomas.com,2024-09-06,false
DOM00728,baird.com,2025-01-10,false
DOM00729,johnson-clements.com,2022-02-09,false
DOM00730,sanford-leon.org,2023-08-27,false
DOM00731,gilbert-ryan.com,2021-11-06,false
DOM00732,berry-lewis.biz,2023-10-09,false
DOM00733,barker.com,2024-10-28,false
DOM00734,gregory.com,2024-11-24,false
DOM00735,smith.com,2023-10-09,false
DOM00736,ford-tyler.com,2022-04-05,false
DOM00737,walker.com,2023-04-25,false
DOM00738,carr.org,2025-05-09,false
DOM00739,fisher.info,2026-03-06,false
DOM00740,cooper.com,2025-03-19,false
DOM00741,murray.info,2023-03-24,false
DOM00742,wolfe.com,2026-04-18,false
DOM00743,welch.com,2022-02-21,false
DOM00744,adkins.com,2024-01-08,false
DOM00745,potter-hayes.info,2021-09-07,false
DOM00746,weber.org,2024-06-04,false
DOM00747,reynolds.com,2026-03-02,false
DOM00748,henry.com,2024-08-26,false
DOM00749,rush.com,2022-05-17,false
DOM00750,roberts.biz,2026-02-11,false
DOM00751,bell-robinson.org,2023-10-22,false
DOM00752,townsend-mccoy.com,2025-09-15,false
DOM00753,patel.info,2023-11-14,false
DOM00754,moore-marks.biz,2023-11-21,false
DOM00755,patel.info,2022-11-25,false
DOM00756,solomon.biz,2024-12-03,false
DOM00757,fields.com,2022-08-12,false
DOM00758,harvey.biz,2021-08-17,false
DOM00759,bishop-jackson.info,2022-03-17,false
DOM00760,johnson-guzman.biz,2026-02-17,false
DOM00761,boyer.com,2023-06-21,false
DOM00762,kennedy.com,2024-03-06,false
DOM00763,carter.com,2026-05-07,false
DOM00764,stevens-sutton.info,2023-06-29,false
DOM00765,kaufman.com,2024-04-02,false
DOM00766,sanchez.com,2021-06-29,false
DOM00767,johnson.info,2024-09-17,false
DOM00768,logan.net,2022-06-18,false
DOM00769,frank.com,2025-03-01,false
DOM00770,carey-brown.biz,2021-10-09,false
DOM00771,ross-ho.info,2025-01-29,false
DOM00772,garcia.org,2022-05-21,false
DOM00773,jackson.com,2025-07-16,false
DOM00774,baker.com,2025-05-01,false
DOM00775,vasquez.com,2025-03-20,false
DOM00776,cobb-lyons.org,2023-10-11,false
DOM00777,johnson.com,2023-04-25,false
DOM00778,elliott-reeves.com,2022-10-12,false
DOM00779,walters.com,2022-09-30,false
DOM00780,trujillo.biz,2023-08-16,false
DOM00781,perez.com,2026-05-28,false
DOM00782,green.net,2025-10-30,false
DOM00783,woods-yoder.com,2022-10-05,false
DOM00784,farrell.info,2022-11-15,false
DOM00785,olson.com,2024-05-06,false
DOM00786,parker.com,2023-10-20,false
DOM00787,strickland.com,2025-09-04,false
DOM00788,hudson-fowler.com,2025-11-22,false
DOM00789,figueroa.com,2024-10-28,false
DOM00790,garcia.net,2025-12-25,false
DOM00791,medina.info,2026-04-03,false
DOM00792,wright.com,2023-05-18,false
DOM00793,love.com,2026-02-16,false
DOM00794,davis-lee.com,2022-07-24,false
DOM00795,turner.org,2025-06-29,false
DOM00796,garcia-keith.com,2024-02-23,false
DOM00797,jones.info,2023-02-11,false
DOM00798,daniels.org,2025-07-30,false
DOM00799,hudson-perkins.com,2025-03-14,false
